,train loss,train accuracy,test loss,test accuracy
0,285.1175842285156,0.4001201923076923,1.0783566236495972,0.5889423076923077
1,274.93243408203125,0.5955528846153846,1.036556363105774,0.5889423076923077
2,262.9783935546875,0.5955528846153846,0.9941247701644897,0.5889423076923077
3,254.57215881347656,0.5955528846153846,0.9755996465682983,0.5889423076923077
4,251.4317169189453,0.5955528846153846,0.9695034027099609,0.5889423076923077
5,250.2816925048828,0.5955528846153846,0.9669801592826843,0.5889423076923077
6,249.74827575683594,0.5955528846153846,0.9656561017036438,0.5889423076923077
7,249.44798278808594,0.5955528846153846,0.9649118781089783,0.5889423076923077
8,249.2568359375,0.5955528846153846,0.964407205581665,0.5889423076923077
9,249.12454223632812,0.5955528846153846,0.9640671610832214,0.5889423076923077
10,249.02684020996094,0.5955528846153846,0.9638046622276306,0.5889423076923077
11,248.953369140625,0.5955528846153846,0.9635991454124451,0.5889423076923077
12,248.89556884765625,0.5955528846153846,0.9634482860565186,0.5889423076923077
13,248.84925842285156,0.5955528846153846,0.9633244872093201,0.5889423076923077
14,248.8111114501953,0.5955528846153846,0.963224470615387,0.5889423076923077
15,248.7791290283203,0.5955528846153846,0.9631391763687134,0.5889423076923077
16,248.75241088867188,0.5955528846153846,0.9630677700042725,0.5889423076923077
17,248.7294158935547,0.5955528846153846,0.9630034565925598,0.5889423076923077
18,248.70941162109375,0.5955528846153846,0.9629552364349365,0.5889423076923077
19,248.69215393066406,0.5955528846153846,0.962908923625946,0.5889423076923077
20,248.67718505859375,0.5955528846153846,0.9628697037696838,0.5889423076923077
21,248.66375732421875,0.5955528846153846,0.9628361463546753,0.5889423076923077
22,248.652099609375,0.5955528846153846,0.9628055095672607,0.5889423076923077
23,248.64154052734375,0.5955528846153846,0.9627766609191895,0.5889423076923077
24,248.6322479248047,0.5955528846153846,0.9627519249916077,0.5889423076923077
25,248.6236572265625,0.5955528846153846,0.9627313613891602,0.5889423076923077
26,248.61582946777344,0.5955528846153846,0.9627115726470947,0.5889423076923077
27,248.60888671875,0.5955528846153846,0.9626932740211487,0.5889423076923077
28,248.60256958007812,0.5955528846153846,0.9626771807670593,0.5889423076923077
29,248.59669494628906,0.5955528846153846,0.9626637697219849,0.5889423076923077
30,248.59149169921875,0.5955528846153846,0.9626491665840149,0.5889423076923077
31,248.5865936279297,0.5955528846153846,0.9626375436782837,0.5889423076923077
32,248.58238220214844,0.5955528846153846,0.9626265168190002,0.5889423076923077
33,248.5782470703125,0.5955528846153846,0.9626160264015198,0.5889423076923077
34,248.57452392578125,0.5955528846153846,0.9626073837280273,0.5889423076923077
35,248.57127380371094,0.5955528846153846,0.962598443031311,0.5889423076923077
36,248.56808471679688,0.5955528846153846,0.9625911712646484,0.5889423076923077
37,248.56521606445312,0.5955528846153846,0.9625844955444336,0.5889423076923077
38,248.5626220703125,0.5955528846153846,0.9625773429870605,0.5889423076923077
39,248.56019592285156,0.5955528846153846,0.9625717997550964,0.5889423076923077
40,248.55801391601562,0.5955528846153846,0.962566077709198,0.5889423076923077
41,248.5558319091797,0.5955528846153846,0.9625611305236816,0.5889423076923077
42,248.55406188964844,0.5955528846153846,0.9625566601753235,0.5889423076923077
43,248.55233764648438,0.5955528846153846,0.9625524878501892,0.5889423076923077
44,248.5508575439453,0.5955528846153846,0.9625486731529236,0.5889423076923077
45,248.54934692382812,0.5955528846153846,0.962544858455658,0.5889423076923077
46,248.5479736328125,0.5955528846153846,0.9625415802001953,0.5889423076923077
47,248.54673767089844,0.5955528846153846,0.9625385403633118,0.5889423076923077
48,248.54562377929688,0.5955528846153846,0.9625356197357178,0.5889423076923077
49,248.5445556640625,0.5955528846153846,0.9625332951545715,0.5889423076923077
50,248.54356384277344,0.5955528846153846,0.9625307321548462,0.5889423076923077
51,248.5426788330078,0.5955528846153846,0.962528645992279,0.5889423076923077
52,248.54202270507812,0.5955528846153846,0.962526798248291,0.5889423076923077
53,248.54115295410156,0.5955528846153846,0.9625248312950134,0.5889423076923077
54,248.54049682617188,0.5955528846153846,0.9625232815742493,0.5889423076923077
55,248.5398406982422,0.5955528846153846,0.9625216722488403,0.5889423076923077
56,248.5390625,0.5955528846153846,0.962520182132721,0.5889423076923077
57,248.5386962890625,0.5955528846153846,0.9625186920166016,0.5889423076923077
58,248.53819274902344,0.5955528846153846,0.9625171422958374,0.5889423076923077
59,248.53765869140625,0.5955528846153846,0.962516188621521,0.5889423076923077
60,248.53713989257812,0.5955528846153846,0.9625148773193359,0.5889423076923077
61,248.53672790527344,0.5955528846153846,0.9625132083892822,0.5889423076923077
62,248.5357666015625,0.5955528846153846,0.962506115436554,0.5889423076923077
63,247.0858612060547,0.5992788461538462,0.9290988445281982,0.6283653846153846
64,237.73780822753906,0.6477163461538461,0.9163684248924255,0.6451923076923077
65,235.44332885742188,0.6555288461538461,0.9099209308624268,0.6475961538461539
66,234.16851806640625,0.6591346153846154,0.9060160517692566,0.6495192307692308
67,233.1884765625,0.661298076923077,0.9029106497764587,0.6519230769230769
68,232.51666259765625,0.6609375,0.901451051235199,0.65
69,232.03208923339844,0.6625,0.8988459706306458,0.6524038461538462
70,231.56863403320312,0.6631009615384615,0.8971324563026428,0.6548076923076923
71,231.2095489501953,0.6645432692307692,0.8957775831222534,0.6567307692307692
72,230.90052795410156,0.6641826923076923,0.8944424390792847,0.6572115384615385
73,230.56080627441406,0.6667067307692308,0.8938280940055847,0.6586538461538461
74,230.3418426513672,0.6663461538461538,0.8917836546897888,0.6557692307692308
75,230.0497283935547,0.666826923076923,0.8909698724746704,0.6581730769230769
76,229.80569458007812,0.6688701923076923,0.889595627784729,0.6586538461538461
77,229.39804077148438,0.6693509615384615,0.8888043761253357,0.6615384615384615
78,229.19912719726562,0.6689903846153846,0.8878778219223022,0.6610576923076923
79,228.90841674804688,0.6712740384615384,0.8870264291763306,0.6610576923076923
80,228.6541290283203,0.6724759615384616,0.8864216208457947,0.6596153846153846
81,228.3778076171875,0.6733173076923077,0.8858662247657776,0.6615384615384615
82,228.2305450439453,0.6741586538461538,0.8854149580001831,0.6625
83,228.10052490234375,0.6734375,0.8849768042564392,0.6634615384615384
84,227.8585205078125,0.6751201923076923,0.8852059245109558,0.6644230769230769
85,227.7025909423828,0.6766826923076923,0.8852992653846741,0.6653846153846154
86,227.81777954101562,0.675,0.88642817735672,0.6586538461538461
87,227.73887634277344,0.6741586538461538,0.8846928477287292,0.6639423076923077
88,227.6016387939453,0.6753605769230769,0.8838376402854919,0.6629807692307692
89,227.51210021972656,0.6768028846153846,0.8843308091163635,0.6629807692307692
90,227.52833557128906,0.6753605769230769,0.883745551109314,0.6625
91,227.32688903808594,0.6775240384615384,0.883832573890686,0.6629807692307692
92,227.3964385986328,0.6766826923076923,0.8833375573158264,0.6625
93,227.2738494873047,0.676923076923077,0.8842931985855103,0.6615384615384615
94,227.33668518066406,0.6770432692307692,0.8831455707550049,0.6620192307692307
95,227.29678344726562,0.6765625,0.8830752968788147,0.6625
96,227.16526794433594,0.6770432692307692,0.8834857940673828,0.6629807692307692
97,227.22068786621094,0.6760817307692307,0.882672131061554,0.6625
98,227.12124633789062,0.6780048076923076,0.8839362859725952,0.6629807692307692
99,227.12701416015625,0.678125,0.8826424479484558,0.6610576923076923
100,227.0724334716797,0.6783653846153846,0.8825392127037048,0.6639423076923077
101,227.01028442382812,0.678125,0.8826681971549988,0.6649038461538461
102,227.08738708496094,0.6772836538461539,0.882317066192627,0.6629807692307692
103,227.00616455078125,0.6774038461538462,0.8826296329498291,0.6639423076923077
104,227.1134796142578,0.6763221153846154,0.8825494050979614,0.6639423076923077
105,226.8546600341797,0.6780048076923076,0.8821686506271362,0.6615384615384615
106,226.94081115722656,0.6775240384615384,0.8825041651725769,0.6610576923076923
107,226.90655517578125,0.6786057692307692,0.8819812536239624,0.6615384615384615
108,226.8246612548828,0.6782451923076923,0.8820639848709106,0.6629807692307692
109,226.8635711669922,0.6780048076923076,0.8842580318450928,0.6615384615384615
110,226.89630126953125,0.6782451923076923,0.881803572177887,0.6629807692307692
111,226.734130859375,0.6787259615384615,0.8851699829101562,0.6605769230769231
112,226.74978637695312,0.6790865384615384,0.8820357918739319,0.6634615384615384
113,226.67361450195312,0.6790865384615384,0.8826550245285034,0.6625
114,226.7866973876953,0.6778846153846154,0.8818736672401428,0.6629807692307692
115,226.76817321777344,0.678125,0.8817161917686462,0.6653846153846154
116,226.64549255371094,0.6782451923076923,0.8814066052436829,0.6629807692307692
117,226.6024627685547,0.6790865384615384,0.8816646337509155,0.6644230769230769
118,226.78134155273438,0.6780048076923076,0.8813455104827881,0.6629807692307692
119,226.70114135742188,0.6784855769230769,0.8823144435882568,0.6639423076923077
120,226.6461181640625,0.6794471153846153,0.8813855648040771,0.6634615384615384
121,226.6406707763672,0.6789663461538461,0.8812994360923767,0.6639423076923077
122,226.62228393554688,0.6794471153846153,0.8811473846435547,0.6639423076923077
123,226.52224731445312,0.6792067307692308,0.8820937871932983,0.6639423076923077
124,226.57052612304688,0.6804086538461539,0.8846683502197266,0.6615384615384615
125,226.66275024414062,0.678125,0.8825440406799316,0.6634615384615384
126,226.5498046875,0.6800480769230769,0.8813828825950623,0.6639423076923077
127,226.591552734375,0.6780048076923076,0.881880521774292,0.6629807692307692
128,226.56307983398438,0.6787259615384615,0.8817892074584961,0.6629807692307692
129,226.49002075195312,0.6792067307692308,0.8815149068832397,0.6639423076923077
130,226.6311798095703,0.6771634615384615,0.880980372428894,0.6653846153846154
131,226.4164276123047,0.6804086538461539,0.8812671899795532,0.6644230769230769
132,226.50674438476562,0.6796875,0.8809009194374084,0.6658653846153846
133,226.5109100341797,0.6787259615384615,0.8812223672866821,0.6649038461538461
134,226.41497802734375,0.6792067307692308,0.8813468217849731,0.6634615384615384
135,226.46942138671875,0.6786057692307692,0.8832229971885681,0.6634615384615384
136,226.6005401611328,0.6783653846153846,0.8808977603912354,0.6649038461538461
137,226.39804077148438,0.6798076923076923,0.881350576877594,0.6644230769230769
138,226.36907958984375,0.6806490384615385,0.8816822171211243,0.6634615384615384
139,226.32345581054688,0.6807692307692308,0.8808584213256836,0.6644230769230769
140,226.4973602294922,0.6794471153846153,0.8807128667831421,0.6653846153846154
141,226.34605407714844,0.6796875,0.8807321190834045,0.6644230769230769
142,226.3367156982422,0.6802884615384616,0.8811449408531189,0.6658653846153846
143,226.450439453125,0.6788461538461539,0.8809730410575867,0.6653846153846154
144,226.3234100341797,0.6800480769230769,0.8830785751342773,0.6649038461538461
145,226.34747314453125,0.6802884615384616,0.8813617825508118,0.6653846153846154
146,226.29690551757812,0.6802884615384616,0.8808652758598328,0.6653846153846154
147,226.30966186523438,0.6810096153846154,0.8833221793174744,0.6644230769230769
148,226.2809600830078,0.6813701923076924,0.8803284168243408,0.6658653846153846
149,226.3470001220703,0.6808894230769231,0.8807617425918579,0.6658653846153846
150,226.1619873046875,0.6814903846153846,0.8804956078529358,0.6653846153846154
151,226.362060546875,0.6799278846153847,0.8809905052185059,0.6653846153846154
152,226.3267822265625,0.6796875,0.880484938621521,0.6658653846153846
153,226.31320190429688,0.6800480769230769,0.8812775015830994,0.6649038461538461
154,226.4317169189453,0.6790865384615384,0.8812095522880554,0.6644230769230769
155,226.20486450195312,0.6807692307692308,0.8835750818252563,0.6634615384615384
156,226.26309204101562,0.6810096153846154,0.8817128539085388,0.6644230769230769
157,226.21852111816406,0.6800480769230769,0.8801364302635193,0.6663461538461538
158,226.36404418945312,0.6800480769230769,0.8809573650360107,0.6649038461538461
159,226.2493438720703,0.6802884615384616,0.8802155256271362,0.666826923076923
160,226.21096801757812,0.6806490384615385,0.8806278705596924,0.6653846153846154
161,226.21133422851562,0.6810096153846154,0.880704939365387,0.6663461538461538
162,226.14723205566406,0.6813701923076924,0.8802483081817627,0.6663461538461538
163,226.2069549560547,0.6796875,0.8804904222488403,0.6663461538461538
164,226.2376708984375,0.6799278846153847,0.88014817237854,0.6673076923076923
165,226.24615478515625,0.6802884615384616,0.8807395100593567,0.6658653846153846
166,226.14486694335938,0.6805288461538461,0.8803309798240662,0.666826923076923
167,226.01123046875,0.6818509615384616,0.8811222910881042,0.6649038461538461
168,226.14666748046875,0.6807692307692308,0.8812050223350525,0.6653846153846154
169,226.16111755371094,0.6811298076923077,0.8799788355827332,0.6673076923076923
170,226.018798828125,0.6822115384615385,0.882402777671814,0.6649038461538461
171,226.18438720703125,0.6801682692307692,0.8799421787261963,0.6677884615384615
172,226.0747528076172,0.6805288461538461,0.88009113073349,0.6663461538461538
173,226.09669494628906,0.6811298076923077,0.8797134757041931,0.6673076923076923
174,226.236572265625,0.6796875,0.8818320631980896,0.6653846153846154
175,226.17526245117188,0.6810096153846154,0.8798262476921082,0.6677884615384615
176,226.13858032226562,0.6810096153846154,0.8801357746124268,0.666826923076923
177,226.11705017089844,0.6798076923076923,0.8824413418769836,0.6649038461538461
178,225.9947509765625,0.6805288461538461,0.8820261359214783,0.6649038461538461
179,226.2674560546875,0.6799278846153847,0.8799751996994019,0.666826923076923
180,226.07891845703125,0.6810096153846154,0.879883885383606,0.6673076923076923
181,226.0072479248047,0.6820913461538461,0.8796248435974121,0.6673076923076923
182,225.98524475097656,0.6814903846153846,0.8803629279136658,0.6682692307692307
183,226.03231811523438,0.6804086538461539,0.8795409798622131,0.6682692307692307
184,225.96961975097656,0.6819711538461538,0.8816196918487549,0.6658653846153846
185,226.1215057373047,0.6804086538461539,0.8818197250366211,0.6653846153846154
186,226.00848388671875,0.6807692307692308,0.8800385594367981,0.66875
187,225.99110412597656,0.6813701923076924,0.8801823854446411,0.66875
188,225.9620361328125,0.6823317307692308,0.8792577981948853,0.6677884615384615
189,226.0487823486328,0.6806490384615385,0.8818303346633911,0.6653846153846154
190,225.96234130859375,0.6816105769230769,0.8791698813438416,0.6677884615384615
191,225.95401000976562,0.6817307692307693,0.8791399002075195,0.66875
192,225.9747772216797,0.6813701923076924,0.8799488544464111,0.6658653846153846
193,226.08944702148438,0.6808894230769231,0.8810930252075195,0.6653846153846154
194,225.99838256835938,0.6813701923076924,0.8793548345565796,0.6692307692307692
195,225.9656219482422,0.6817307692307693,0.8796142339706421,0.66875
196,225.9449005126953,0.6818509615384616,0.8793203830718994,0.6692307692307692
197,225.86349487304688,0.6822115384615385,0.8788992166519165,0.6701923076923076
198,225.91236877441406,0.6814903846153846,0.8798148036003113,0.6663461538461538
199,225.80465698242188,0.6818509615384616,0.8798863291740417,0.6663461538461538
200,225.8980712890625,0.6811298076923077,0.8791152238845825,0.6697115384615384
201,225.93568420410156,0.6813701923076924,0.878952145576477,0.6692307692307692
202,225.9493408203125,0.6817307692307693,0.8789582252502441,0.6692307692307692
203,225.8342742919922,0.6822115384615385,0.8790483474731445,0.6682692307692307
204,225.7688446044922,0.6817307692307693,0.8792386054992676,0.6701923076923076
205,225.82069396972656,0.6813701923076924,0.8796144723892212,0.6677884615384615
206,225.74998474121094,0.6817307692307693,0.8800153136253357,0.6658653846153846
207,225.84884643554688,0.6811298076923077,0.8787956237792969,0.6706730769230769
208,225.78956604003906,0.6818509615384616,0.8790481090545654,0.66875
209,225.79197692871094,0.6818509615384616,0.8785848617553711,0.6692307692307692
210,225.77777099609375,0.6817307692307693,0.8789860010147095,0.6677884615384615
211,225.71005249023438,0.6816105769230769,0.878370463848114,0.66875
212,225.7996826171875,0.6826923076923077,0.8782475590705872,0.6697115384615384
213,225.82083129882812,0.6823317307692308,0.8783318400382996,0.66875
214,225.75015258789062,0.682451923076923,0.8783263564109802,0.6711538461538461
215,225.7103729248047,0.6823317307692308,0.8800753951072693,0.666826923076923
216,225.6433868408203,0.6828125,0.8786358833312988,0.6677884615384615
217,225.78224182128906,0.6814903846153846,0.8779472708702087,0.6697115384615384
218,225.7060546875,0.6814903846153846,0.8787972927093506,0.6697115384615384
219,225.61988830566406,0.682451923076923,0.8781754970550537,0.6711538461538461
220,225.62881469726562,0.6820913461538461,0.8775960206985474,0.6697115384615384
221,225.70408630371094,0.6823317307692308,0.87819904088974,0.6706730769230769
222,225.6327667236328,0.6816105769230769,0.8772674798965454,0.6711538461538461
223,225.43800354003906,0.6826923076923077,0.8768507242202759,0.6716346153846153
224,225.42575073242188,0.6811298076923077,0.8786525726318359,0.666826923076923
225,225.14662170410156,0.6822115384615385,0.8754670023918152,0.6701923076923076
226,224.8253936767578,0.6825721153846154,0.8727353811264038,0.6716346153846153
227,224.19992065429688,0.682451923076923,0.8695483803749084,0.6706730769230769
228,223.22119140625,0.6826923076923077,0.8638672232627869,0.6711538461538461
229,221.97097778320312,0.6823317307692308,0.8594231009483337,0.6711538461538461
230,220.79226684570312,0.6828125,0.8541767597198486,0.6711538461538461
231,220.0206756591797,0.6822115384615385,0.8499016761779785,0.6701923076923076
232,218.97158813476562,0.6830528846153846,0.8465571403503418,0.676923076923077
233,218.22598266601562,0.6871394230769231,0.8424315452575684,0.6826923076923077
234,217.34799194335938,0.6965144230769231,0.8395490646362305,0.6870192307692308
235,216.62307739257812,0.6989182692307693,0.836288571357727,0.6894230769230769
236,216.1492156982422,0.7030048076923077,0.8341192603111267,0.6985576923076923
237,215.26722717285156,0.7146634615384615,0.8305614590644836,0.7072115384615385
238,214.83197021484375,0.71875,0.8292535543441772,0.7100961538461539
239,214.14743041992188,0.7269230769230769,0.8264408111572266,0.7163461538461539
240,213.80255126953125,0.7311298076923077,0.8246712684631348,0.7245192307692307
241,213.31552124023438,0.7337740384615384,0.8228852152824402,0.7269230769230769
242,212.7921142578125,0.7359375,0.8215676546096802,0.7322115384615384
243,212.41664123535156,0.7407451923076923,0.8198806047439575,0.7331730769230769
244,212.02435302734375,0.7438701923076924,0.8209577202796936,0.7326923076923076
245,211.63548278808594,0.7438701923076924,0.816392183303833,0.7413461538461539
246,211.24676513671875,0.7460336538461538,0.8148396015167236,0.7451923076923077
247,210.9268035888672,0.7474759615384615,0.813304603099823,0.7442307692307693
248,210.6474609375,0.7480769230769231,0.8123196959495544,0.7447115384615385
249,210.30152893066406,0.75,0.8123033046722412,0.7495192307692308
250,209.9711456298828,0.7516826923076924,0.812924861907959,0.7413461538461539
251,209.70822143554688,0.7504807692307692,0.8088085055351257,0.7514423076923077
252,209.4078826904297,0.7498798076923077,0.806938886642456,0.7519230769230769
253,209.2563934326172,0.7503605769230769,0.8057379722595215,0.7533653846153846
254,208.86070251464844,0.7530048076923077,0.804920494556427,0.7552884615384615
255,208.64633178710938,0.7520432692307693,0.8035386800765991,0.7557692307692307
256,208.20315551757812,0.7525240384615385,0.8035513162612915,0.7548076923076923
257,207.9107666015625,0.7533653846153846,0.8031163811683655,0.7514423076923077
258,207.7217559814453,0.7534855769230769,0.8040691614151001,0.7514423076923077
259,207.52923583984375,0.7561298076923076,0.8003726005554199,0.7548076923076923
260,207.339111328125,0.755048076923077,0.7997502684593201,0.7543269230769231
261,207.185791015625,0.755048076923077,0.7988909482955933,0.7538461538461538
262,206.98922729492188,0.7548076923076923,0.7979557514190674,0.7552884615384615
263,206.72235107421875,0.7569711538461539,0.7976272106170654,0.7524038461538461
264,206.71096801757812,0.7558894230769231,0.7980126738548279,0.7504807692307692
265,206.3882293701172,0.7581730769230769,0.7974905371665955,0.7504807692307692
266,206.255615234375,0.7555288461538462,0.7964925765991211,0.7490384615384615
267,206.08819580078125,0.7570913461538461,0.7956891655921936,0.7524038461538461
268,206.18101501464844,0.7567307692307692,0.7948795557022095,0.7509615384615385
269,205.89413452148438,0.760576923076923,0.7955847978591919,0.7538461538461538
270,205.7128448486328,0.7603365384615385,0.7966764569282532,0.7442307692307693
271,205.719970703125,0.7579326923076923,0.7951588034629822,0.7485576923076923
272,205.649658203125,0.7591346153846154,0.7951074838638306,0.7504807692307692
273,205.51791381835938,0.7599759615384616,0.793921709060669,0.7495192307692308
274,205.4503173828125,0.7603365384615385,0.7934265732765198,0.7509615384615385
275,205.26849365234375,0.7610576923076923,0.7938289642333984,0.7504807692307692
276,205.30812072753906,0.7596153846153846,0.7939870357513428,0.7528846153846154
277,205.30303955078125,0.7594951923076924,0.7931042909622192,0.7533653846153846
278,204.9715576171875,0.7604567307692308,0.7918776273727417,0.7538461538461538
279,204.85987854003906,0.7625,0.7921035885810852,0.7557692307692307
280,204.8960418701172,0.7615384615384615,0.7928943634033203,0.7514423076923077
281,204.89773559570312,0.7609375,0.7918206453323364,0.7552884615384615
282,204.74325561523438,0.7622596153846154,0.7911283373832703,0.7552884615384615
283,204.6120147705078,0.7633413461538462,0.7906310558319092,0.7557692307692307
284,204.51002502441406,0.7632211538461539,0.7918964624404907,0.7533653846153846
285,204.5132293701172,0.7627403846153846,0.7917472124099731,0.7548076923076923
286,204.50735473632812,0.7611778846153846,0.789825975894928,0.7567307692307692
287,204.41773986816406,0.7645432692307692,0.7906069755554199,0.7524038461538461
288,204.2547149658203,0.7632211538461539,0.792133629322052,0.7509615384615385
289,204.09231567382812,0.7633413461538462,0.7902055382728577,0.75625
290,204.18685913085938,0.7637019230769231,0.7911514043807983,0.7528846153846154
291,204.12864685058594,0.7643028846153846,0.789776623249054,0.7528846153846154
292,203.9283447265625,0.7650240384615384,0.789608359336853,0.7557692307692307
293,203.78933715820312,0.765625,0.7893339395523071,0.7586538461538461
294,203.8527069091797,0.7647836538461539,0.7890273928642273,0.7552884615384615
295,203.94058227539062,0.7653846153846153,0.7885879278182983,0.7524038461538461
296,203.70236206054688,0.7652644230769231,0.7882441282272339,0.7557692307692307
297,203.65513610839844,0.7674278846153846,0.7876944541931152,0.7610576923076923
298,203.6060791015625,0.7651442307692308,0.788388729095459,0.7576923076923077
299,203.46078491210938,0.7658653846153847,0.7881090641021729,0.7576923076923077
300,203.38040161132812,0.7677884615384616,0.7892998456954956,0.7557692307692307
301,203.41221618652344,0.7661057692307692,0.7876851558685303,0.7519230769230769
302,203.36874389648438,0.7658653846153847,0.7902960181236267,0.7519230769230769
303,203.28756713867188,0.7677884615384616,0.7868527770042419,0.7567307692307692
304,203.2522430419922,0.7661057692307692,0.7874486446380615,0.7538461538461538
305,203.14678955078125,0.7673076923076924,0.7867984175682068,0.75625
306,203.03564453125,0.76875,0.7870700359344482,0.7576923076923077
307,202.88536071777344,0.7698317307692307,0.7866909503936768,0.7557692307692307
308,203.00820922851562,0.7675480769230769,0.7865973114967346,0.7572115384615384
309,202.84385681152344,0.7681490384615385,0.7872531414031982,0.7557692307692307
310,202.8507080078125,0.7692307692307693,0.7858303785324097,0.7552884615384615
311,202.823974609375,0.7689903846153846,0.7860843539237976,0.7572115384615384
312,202.86831665039062,0.7691105769230769,0.7855548858642578,0.7557692307692307
313,202.66705322265625,0.7673076923076924,0.7852509617805481,0.7576923076923077
314,202.69937133789062,0.7680288461538461,0.7858778238296509,0.7572115384615384
315,202.58132934570312,0.7700721153846154,0.7869434356689453,0.7596153846153846
316,202.65359497070312,0.7689903846153846,0.7851340174674988,0.7557692307692307
317,202.50184631347656,0.7693509615384615,0.7851848602294922,0.7596153846153846
318,202.5930633544922,0.7692307692307693,0.7851303815841675,0.7567307692307692
319,202.2941131591797,0.7713942307692307,0.7847000956535339,0.7557692307692307
320,202.64512634277344,0.7692307692307693,0.7859919667243958,0.7586538461538461
321,202.41433715820312,0.7692307692307693,0.7843647003173828,0.7576923076923077
322,202.45204162597656,0.7689903846153846,0.7843520045280457,0.7576923076923077
323,202.3610382080078,0.770673076923077,0.7837377786636353,0.760576923076923
324,202.29144287109375,0.7688701923076923,0.7842363119125366,0.7581730769230769
325,202.19309997558594,0.7710336538461539,0.7835380434989929,0.7567307692307692
326,202.18724060058594,0.7703125,0.7841019034385681,0.7625
327,202.13180541992188,0.7697115384615385,0.7835632562637329,0.7596153846153846
328,202.05038452148438,0.7724759615384615,0.7841066122055054,0.760576923076923
329,202.04649353027344,0.7705528846153846,0.7841153740882874,0.7610576923076923
330,202.22901916503906,0.7695913461538462,0.7837081551551819,0.7591346153846154
331,202.0012664794922,0.770673076923077,0.7832183837890625,0.7591346153846154
332,201.89414978027344,0.7710336538461539,0.7834385633468628,0.7620192307692307
333,201.90269470214844,0.7713942307692307,0.7826436758041382,0.7620192307692307
334,201.8502655029297,0.7727163461538461,0.783004879951477,0.7620192307692307
335,201.91720581054688,0.771875,0.7826262712478638,0.7596153846153846
336,201.86904907226562,0.7715144230769231,0.7828778624534607,0.7591346153846154
337,201.84375,0.7703125,0.7828104496002197,0.760576923076923
338,201.9217987060547,0.7724759615384615,0.7824563980102539,0.7620192307692307
339,201.60214233398438,0.7724759615384615,0.7817577719688416,0.7653846153846153
340,201.6615753173828,0.7730769230769231,0.7823925018310547,0.7591346153846154
341,201.76736450195312,0.7730769230769231,0.7816992998123169,0.7620192307692307
342,201.78396606445312,0.7716346153846154,0.7820642590522766,0.7625
343,201.66796875,0.7719951923076923,0.7819907665252686,0.760576923076923
344,201.5376739501953,0.7729567307692308,0.7814206480979919,0.7620192307692307
345,201.53469848632812,0.7721153846153846,0.7816177010536194,0.7620192307692307
346,201.6503143310547,0.7717548076923076,0.7816023230552673,0.7620192307692307
347,201.4852752685547,0.7737980769230769,0.7811902761459351,0.7663461538461539
348,201.40728759765625,0.7733173076923077,0.7809236645698547,0.7625
349,201.487548828125,0.7721153846153846,0.7806484699249268,0.7653846153846153
350,201.3253936767578,0.775,0.7815049290657043,0.7629807692307692
351,201.6458282470703,0.7707932692307692,0.7803274393081665,0.7668269230769231
352,201.4297332763672,0.7745192307692308,0.7805464267730713,0.7629807692307692
353,201.2653045654297,0.7730769230769231,0.7807842493057251,0.7673076923076924
354,201.3842010498047,0.7733173076923077,0.7807623147964478,0.7639423076923076
355,201.51705932617188,0.7717548076923076,0.7802813649177551,0.7629807692307692
356,201.0736083984375,0.7735576923076923,0.779842734336853,0.7697115384615385
357,201.31907653808594,0.7734375,0.7801134586334229,0.7649038461538461
358,201.20388793945312,0.7736778846153847,0.7805160284042358,0.7682692307692308
359,201.2358856201172,0.7725961538461539,0.7801128625869751,0.7620192307692307
360,201.02325439453125,0.7743990384615385,0.779603898525238,0.7692307692307693
361,200.97056579589844,0.7743990384615385,0.781622052192688,0.7644230769230769
362,201.23741149902344,0.7735576923076923,0.7796558141708374,0.7663461538461539
363,200.9217071533203,0.778125,0.7796726226806641,0.7653846153846153
364,201.05694580078125,0.7737980769230769,0.7791855335235596,0.7668269230769231
365,200.99356079101562,0.7748798076923077,0.7791109681129456,0.7663461538461539
366,201.3616180419922,0.7736778846153847,0.7785992622375488,0.7673076923076924
367,200.90618896484375,0.7758413461538461,0.7792499661445618,0.7692307692307693
368,200.88909912109375,0.775,0.7812496423721313,0.7620192307692307
369,201.0612030029297,0.7757211538461538,0.7790810465812683,0.7634615384615384
370,201.07907104492188,0.7731971153846153,0.7784839272499084,0.76875
371,200.8290557861328,0.7758413461538461,0.7787255048751831,0.7673076923076924
372,200.96487426757812,0.7756009615384616,0.7784472107887268,0.7677884615384616
373,201.02383422851562,0.7734375,0.778232216835022,0.7677884615384616
374,200.72032165527344,0.7774038461538462,0.778253972530365,0.7649038461538461
375,200.69656372070312,0.7769230769230769,0.778052031993866,0.7692307692307693
376,200.6691131591797,0.7757211538461538,0.7793232798576355,0.770673076923077
377,200.86981201171875,0.7765625,0.7783157825469971,0.7663461538461539
378,200.8583526611328,0.7753605769230769,0.7777206301689148,0.7701923076923077
379,200.7932586669922,0.7756009615384616,0.77749103307724,0.76875
380,200.71755981445312,0.7775240384615385,0.7782658338546753,0.7730769230769231
381,200.6115264892578,0.7765625,0.7777676582336426,0.7673076923076924
382,200.50267028808594,0.7771634615384615,0.7784064412117004,0.7697115384615385
383,200.57440185546875,0.776201923076923,0.7774138450622559,0.7697115384615385
384,200.4593505859375,0.7769230769230769,0.7772889733314514,0.7692307692307693
385,200.59408569335938,0.7776442307692307,0.7774991989135742,0.7730769230769231
386,200.43626403808594,0.7764423076923077,0.7769448161125183,0.7721153846153846
387,200.25086975097656,0.778485576923077,0.7775651216506958,0.7673076923076924
388,200.48890686035156,0.7770432692307693,0.7782840132713318,0.7711538461538462
389,200.49594116210938,0.7778846153846154,0.7765520811080933,0.7692307692307693
390,200.814208984375,0.7756009615384616,0.7765778303146362,0.7711538461538462
391,200.3519287109375,0.7794471153846154,0.7776897549629211,0.7682692307692308
392,200.4586181640625,0.7772836538461538,0.7766222953796387,0.7692307692307693
393,200.29818725585938,0.7768028846153846,0.7784063220024109,0.770673076923077
394,200.25460815429688,0.7792067307692307,0.77744060754776,0.770673076923077
395,200.08229064941406,0.7789663461538462,0.777298092842102,0.7677884615384616
396,200.4454803466797,0.7754807692307693,0.7754117846488953,0.7711538461538462
397,200.262939453125,0.7778846153846154,0.7755944132804871,0.7716346153846154
398,200.1263885498047,0.7792067307692307,0.775891900062561,0.7701923076923077
399,200.1480712890625,0.7783653846153846,0.7748567461967468,0.7725961538461539
400,200.15628051757812,0.778485576923077,0.7751570343971252,0.7735576923076923
401,200.01522827148438,0.7799278846153846,0.7769485712051392,0.7701923076923077
402,200.2257080078125,0.7772836538461538,0.775463342666626,0.7730769230769231
403,200.05337524414062,0.7792067307692307,0.7794963717460632,0.76875
404,200.1051025390625,0.7804086538461539,0.7761768698692322,0.7725961538461539
405,200.97503662109375,0.7751201923076924,0.776628315448761,0.7721153846153846
406,200.11598205566406,0.778125,0.774750292301178,0.7754807692307693
407,199.9418182373047,0.7800480769230769,0.7743120789527893,0.7711538461538462
408,199.8163299560547,0.7806490384615384,0.774039626121521,0.7730769230769231
409,199.97996520996094,0.7795673076923076,0.7742550373077393,0.775
410,199.90907287597656,0.7799278846153846,0.7742438316345215,0.7740384615384616
411,199.95423889160156,0.7804086538461539,0.7737038135528564,0.7725961538461539
412,199.81443786621094,0.78125,0.7736469507217407,0.7725961538461539
413,199.81072998046875,0.7804086538461539,0.7735289931297302,0.7725961538461539
414,199.80029296875,0.7788461538461539,0.7741439342498779,0.7754807692307693
415,199.71929931640625,0.7811298076923077,0.7734310626983643,0.7725961538461539
416,199.7328338623047,0.7805288461538461,0.7743245959281921,0.7754807692307693
417,199.67738342285156,0.7814903846153847,0.7749778032302856,0.7721153846153846
418,199.53524780273438,0.7806490384615384,0.772948682308197,0.7778846153846154
419,199.66444396972656,0.7824519230769231,0.7729845643043518,0.7764423076923077
420,200.19503784179688,0.7802884615384615,0.7747715711593628,0.7677884615384616
421,199.6315155029297,0.7805288461538461,0.7747795581817627,0.7716346153846154
422,199.81655883789062,0.7792067307692307,0.7810625433921814,0.7653846153846153
423,199.63156127929688,0.7801682692307692,0.7736418843269348,0.7735576923076923
424,199.33946228027344,0.7825721153846154,0.7725311517715454,0.7759615384615385
425,199.47389221191406,0.78125,0.7745824456214905,0.7711538461538462
426,199.55796813964844,0.7810096153846153,0.77438884973526,0.7716346153846154
427,199.5110321044922,0.7800480769230769,0.7726296186447144,0.7725961538461539
428,199.6475372314453,0.7807692307692308,0.773835301399231,0.76875
429,199.70436096191406,0.7811298076923077,0.7723439335823059,0.775
430,199.59544372558594,0.7810096153846153,0.7722386121749878,0.7788461538461539
431,200.19789123535156,0.7793269230769231,0.7727623581886292,0.7716346153846154
432,199.26504516601562,0.7826923076923077,0.7720353007316589,0.7740384615384616
433,199.4640350341797,0.7813701923076923,0.7731890678405762,0.7711538461538462
434,199.24423217773438,0.7822115384615385,0.7719540596008301,0.7764423076923077
435,199.35069274902344,0.7805288461538461,0.7722054719924927,0.7735576923076923
436,199.46762084960938,0.7817307692307692,0.772449791431427,0.7716346153846154
437,199.2216033935547,0.7836538461538461,0.7764276266098022,0.7677884615384616
438,199.6057891845703,0.7813701923076923,0.7735211849212646,0.7725961538461539
439,199.2669677734375,0.7820913461538461,0.7720267176628113,0.775
440,199.31491088867188,0.7814903846153847,0.7728467583656311,0.7725961538461539
441,199.05291748046875,0.7835336538461538,0.7717475891113281,0.7740384615384616
442,199.30186462402344,0.7830528846153846,0.7721971273422241,0.7764423076923077
443,199.32980346679688,0.7818509615384616,0.771431028842926,0.7774038461538462
444,199.03158569335938,0.7841346153846154,0.7735545635223389,0.7735576923076923
445,199.29225158691406,0.7814903846153847,0.7714465260505676,0.7774038461538462
446,199.07887268066406,0.7828125,0.7726154923439026,0.7740384615384616
447,199.3091278076172,0.7824519230769231,0.77113938331604,0.7754807692307693
448,199.0662078857422,0.7838942307692308,0.772546648979187,0.7725961538461539
449,198.9116668701172,0.7841346153846154,0.7714706659317017,0.7769230769230769
450,198.926025390625,0.7834134615384616,0.7705109715461731,0.7745192307692308
451,199.0990447998047,0.7824519230769231,0.7711794972419739,0.7740384615384616
452,199.09881591796875,0.7837740384615385,0.7708694338798523,0.7769230769230769
453,199.04006958007812,0.784375,0.7708238959312439,0.7754807692307693
454,198.8400115966797,0.784014423076923,0.7724194526672363,0.7764423076923077
455,198.99179077148438,0.7834134615384616,0.7726946473121643,0.7740384615384616
456,199.036376953125,0.7828125,0.7701061367988586,0.7754807692307693
457,198.89535522460938,0.7854567307692307,0.7710589170455933,0.7769230769230769
458,198.6565704345703,0.7854567307692307,0.7706291675567627,0.7740384615384616
459,198.7151336669922,0.7841346153846154,0.7706278562545776,0.7774038461538462
460,198.7552490234375,0.7847355769230769,0.7701456546783447,0.7764423076923077
461,198.82192993164062,0.784375,0.7733049988746643,0.7716346153846154
462,198.97903442382812,0.7844951923076923,0.7705913782119751,0.7759615384615385
463,198.7434539794922,0.7847355769230769,0.7700866460800171,0.7774038461538462
464,198.78298950195312,0.7846153846153846,0.7694751024246216,0.7807692307692308
465,199.1815948486328,0.7835336538461538,0.7715998888015747,0.7788461538461539
466,199.25631713867188,0.7818509615384616,0.7719174027442932,0.7740384615384616
467,198.49879455566406,0.7858173076923077,0.7720782160758972,0.7721153846153846
468,199.07504272460938,0.7830528846153846,0.7710708379745483,0.775
469,198.69879150390625,0.7841346153846154,0.769855260848999,0.7759615384615385
470,199.29324340820312,0.7811298076923077,0.7729583978652954,0.7735576923076923
471,198.7773895263672,0.7834134615384616,0.7750836610794067,0.7711538461538462
472,198.93893432617188,0.7841346153846154,0.7703741788864136,0.7745192307692308
473,198.68894958496094,0.7842548076923077,0.7736032605171204,0.7725961538461539
474,198.6906280517578,0.7849759615384615,0.7715498805046082,0.7754807692307693
475,198.50025939941406,0.7854567307692307,0.7707871198654175,0.775
476,198.63186645507812,0.7853365384615385,0.7686368227005005,0.7769230769230769
477,198.45355224609375,0.7860576923076923,0.7681564688682556,0.7826923076923077
478,198.55905151367188,0.7858173076923077,0.7687779664993286,0.7754807692307693
479,198.65280151367188,0.7847355769230769,0.7733287215232849,0.7711538461538462
480,199.19210815429688,0.7819711538461539,0.7692205309867859,0.7793269230769231
481,198.56381225585938,0.7849759615384615,0.7688278555870056,0.7788461538461539
482,198.3785400390625,0.7854567307692307,0.7733296751976013,0.7730769230769231
483,198.95513916015625,0.7824519230769231,0.7703028321266174,0.775
484,198.3875274658203,0.7860576923076923,0.7695565223693848,0.7783653846153846
485,198.5177001953125,0.7858173076923077,0.7688379287719727,0.7769230769230769
486,198.5113067626953,0.784375,0.7684457302093506,0.7817307692307692
487,198.41067504882812,0.7859375,0.7686028480529785,0.78125
488,198.604736328125,0.7855769230769231,0.7670091986656189,0.78125
489,198.3134765625,0.7860576923076923,0.770720899105072,0.7754807692307693
490,198.17898559570312,0.7860576923076923,0.7689756751060486,0.7817307692307692
491,198.5363311767578,0.784375,0.7672186493873596,0.7807692307692308
492,198.15924072265625,0.7870192307692307,0.7695590257644653,0.7798076923076923
493,198.22657775878906,0.7872596153846154,0.7700156569480896,0.7802884615384615
494,198.03211975097656,0.7859375,0.7668890953063965,0.7817307692307692
495,198.1206817626953,0.7865384615384615,0.770026683807373,0.7754807692307693
496,198.27972412109375,0.7867788461538462,0.7697658538818359,0.7759615384615385
497,198.29148864746094,0.7865384615384615,0.7678482532501221,0.78125
498,198.1202392578125,0.7876201923076923,0.7700932621955872,0.7759615384615385
499,198.4029541015625,0.7852163461538462,0.7684040069580078,0.7759615384615385
500,198.03057861328125,0.7872596153846154,0.7677083015441895,0.7822115384615385
501,198.2020263671875,0.7864182692307692,0.7692286968231201,0.7759615384615385
502,198.01651000976562,0.7891826923076923,0.7671904563903809,0.7793269230769231
503,198.24172973632812,0.7853365384615385,0.7698487043380737,0.7769230769230769
504,197.9818115234375,0.7873798076923076,0.7669031620025635,0.78125
505,198.20855712890625,0.7870192307692307,0.7669658660888672,0.7822115384615385
506,198.0654296875,0.7871394230769231,0.7678486704826355,0.7802884615384615
507,197.96180725097656,0.7868990384615384,0.7685176134109497,0.7798076923076923
508,197.95823669433594,0.7877403846153846,0.7684668898582458,0.78125
509,197.90829467773438,0.7879807692307692,0.767094612121582,0.7846153846153846
510,198.34939575195312,0.7860576923076923,0.7667242884635925,0.7807692307692308
511,197.84542846679688,0.7871394230769231,0.7667262554168701,0.7802884615384615
512,197.91433715820312,0.7875,0.7670039534568787,0.7788461538461539
513,198.1667938232422,0.786298076923077,0.7668344378471375,0.7802884615384615
514,197.7685089111328,0.7872596153846154,0.766772449016571,0.7836538461538461
515,197.92813110351562,0.7870192307692307,0.7677299976348877,0.7802884615384615
516,197.7869873046875,0.7881009615384615,0.7666588425636292,0.7831730769230769
517,197.86878967285156,0.7860576923076923,0.7700731754302979,0.7769230769230769
518,198.1797637939453,0.7866586538461539,0.7658153176307678,0.7836538461538461
519,198.01358032226562,0.7872596153846154,0.7745861411094666,0.7730769230769231
520,198.05715942382812,0.7860576923076923,0.765592098236084,0.7831730769230769
521,197.91229248046875,0.7878605769230769,0.7654390335083008,0.7836538461538461
522,197.82252502441406,0.7885817307692308,0.7669371366500854,0.7798076923076923
523,197.8101043701172,0.7873798076923076,0.7659880518913269,0.7807692307692308
524,198.25770568847656,0.7846153846153846,0.7668473124504089,0.78125
525,198.2537384033203,0.7858173076923077,0.7692577838897705,0.7778846153846154
526,198.74496459960938,0.7825721153846154,0.7665503621101379,0.78125
527,197.77122497558594,0.7877403846153846,0.7658403515815735,0.7831730769230769
528,197.57476806640625,0.7897836538461539,0.7670036554336548,0.7798076923076923
529,197.6580047607422,0.7887019230769231,0.7667257785797119,0.7807692307692308
530,197.6722412109375,0.7887019230769231,0.7657182216644287,0.7822115384615385
531,197.5666961669922,0.7896634615384616,0.7675901651382446,0.7793269230769231
532,197.9178009033203,0.7868990384615384,0.7666231393814087,0.7802884615384615
533,197.46620178222656,0.7899038461538461,0.7659051418304443,0.7807692307692308
534,197.8314971923828,0.7881009615384615,0.7658050060272217,0.7802884615384615
535,197.80064392089844,0.7877403846153846,0.7651066780090332,0.7850961538461538
536,198.09402465820312,0.7855769230769231,0.7638468146324158,0.7889423076923077
537,197.88462829589844,0.7876201923076923,0.7663419246673584,0.7793269230769231
538,197.50460815429688,0.7885817307692308,0.7672098278999329,0.7798076923076923
539,197.70445251464844,0.7883413461538461,0.7638400197029114,0.7846153846153846
540,197.5708770751953,0.7893028846153847,0.7644665837287903,0.7826923076923077
541,197.456298828125,0.7889423076923077,0.7676275372505188,0.7793269230769231
542,197.50674438476562,0.7897836538461539,0.7647398710250854,0.7826923076923077
543,197.8428955078125,0.7875,0.7676120400428772,0.7802884615384615
544,197.3363800048828,0.7895432692307692,0.7636920809745789,0.7865384615384615
545,197.392578125,0.7897836538461539,0.76500403881073,0.7836538461538461
546,197.37942504882812,0.7899038461538461,0.7637994885444641,0.7875
547,197.79310607910156,0.7884615384615384,0.7641810178756714,0.7860576923076923
548,197.6327667236328,0.7878605769230769,0.7633172869682312,0.7879807692307692
549,197.3993682861328,0.7895432692307692,0.7650381326675415,0.78125
550,197.36009216308594,0.7896634615384616,0.7658994197845459,0.7807692307692308
551,197.49200439453125,0.7901442307692308,0.7653815746307373,0.7841346153846154
552,197.27793884277344,0.7905048076923077,0.7665063142776489,0.7807692307692308
553,197.69033813476562,0.7885817307692308,0.7678544521331787,0.7831730769230769
554,197.46466064453125,0.7888221153846153,0.764789879322052,0.7855769230769231
555,197.41427612304688,0.7889423076923077,0.7630557417869568,0.7841346153846154
556,197.42379760742188,0.7894230769230769,0.7636581659317017,0.7846153846153846
557,197.5723419189453,0.7891826923076923,0.7634322643280029,0.7860576923076923
558,197.28619384765625,0.7891826923076923,0.7639842629432678,0.7841346153846154
559,197.0963592529297,0.790625,0.7719698548316956,0.7764423076923077
560,197.49436950683594,0.7889423076923077,0.7635186910629272,0.7836538461538461
561,197.1976776123047,0.7900240384615385,0.7670372724533081,0.7807692307692308
562,197.27073669433594,0.7878605769230769,0.7628308534622192,0.7865384615384615
563,197.36416625976562,0.7897836538461539,0.7627266049385071,0.7841346153846154
564,197.3175506591797,0.7897836538461539,0.7642865180969238,0.7826923076923077
565,197.57554626464844,0.7893028846153847,0.7677791714668274,0.7774038461538462
566,197.20298767089844,0.7902644230769231,0.7623528838157654,0.7899038461538461
567,197.0354766845703,0.790625,0.7628477811813354,0.7841346153846154
568,197.16946411132812,0.7909855769230769,0.7717216610908508,0.7774038461538462
569,197.2553253173828,0.7902644230769231,0.7629874348640442,0.7836538461538461
570,197.06808471679688,0.7903846153846154,0.7626505494117737,0.7865384615384615
571,197.64598083496094,0.7889423076923077,0.762057363986969,0.7879807692307692
572,197.05496215820312,0.7896634615384616,0.7638724446296692,0.7831730769230769
573,197.0401153564453,0.791826923076923,0.7636385560035706,0.7836538461538461
574,197.48916625976562,0.7903846153846154,0.7627277970314026,0.7850961538461538
575,196.97689819335938,0.7907451923076924,0.761411190032959,0.7908653846153846
576,197.33709716796875,0.7897836538461539,0.7658706307411194,0.7807692307692308
577,197.3254852294922,0.790625,0.7646428942680359,0.7846153846153846
578,197.24331665039062,0.7899038461538461,0.76185542345047,0.7884615384615384
579,197.2728271484375,0.7913461538461538,0.7645769119262695,0.7860576923076923
580,197.15370178222656,0.791826923076923,0.7612278461456299,0.7903846153846154
581,197.15097045898438,0.7903846153846154,0.7629900574684143,0.7860576923076923
582,197.12619018554688,0.7915865384615385,0.7621232867240906,0.7855769230769231
583,196.80300903320312,0.7917067307692308,0.7617189884185791,0.7903846153846154
584,196.9920654296875,0.790625,0.7639777064323425,0.7836538461538461
585,196.9291229248047,0.790625,0.7634595632553101,0.7850961538461538
586,196.88467407226562,0.7911057692307693,0.7699390649795532,0.7798076923076923
587,197.18142700195312,0.7901442307692308,0.7651343941688538,0.7846153846153846
588,196.98399353027344,0.7920673076923077,0.7621137499809265,0.7846153846153846
589,197.0600128173828,0.7901442307692308,0.7627965211868286,0.7865384615384615
590,196.94309997558594,0.7913461538461538,0.7608856558799744,0.7875
591,196.9857177734375,0.791826923076923,0.7637253999710083,0.7850961538461538
592,196.67343139648438,0.7921875,0.7617491483688354,0.7884615384615384
593,197.08425903320312,0.7897836538461539,0.7611546516418457,0.7884615384615384
594,196.92977905273438,0.7927884615384615,0.7632479667663574,0.7850961538461538
595,196.7146453857422,0.7931490384615385,0.7626923322677612,0.7855769230769231
596,196.74667358398438,0.791826923076923,0.7603117227554321,0.7894230769230769
597,196.68994140625,0.7932692307692307,0.7616631388664246,0.7865384615384615
598,196.70211791992188,0.7919471153846154,0.7635889053344727,0.7855769230769231
599,196.70736694335938,0.7911057692307693,0.7603783011436462,0.7903846153846154
600,196.79971313476562,0.7927884615384615,0.7638674974441528,0.7841346153846154
601,196.61915588378906,0.7927884615384615,0.762191116809845,0.7860576923076923
602,196.7276611328125,0.7917067307692308,0.7623850107192993,0.7860576923076923
603,196.80419921875,0.7920673076923077,0.7634093761444092,0.7826923076923077
604,196.7290496826172,0.7920673076923077,0.7611151337623596,0.7894230769230769
605,196.87393188476562,0.7911057692307693,0.777703583240509,0.7721153846153846
606,196.86875915527344,0.791826923076923,0.7610459327697754,0.7884615384615384
607,196.63458251953125,0.7926682692307693,0.7610559463500977,0.7860576923076923
608,196.46620178222656,0.7936298076923077,0.7645869255065918,0.7822115384615385
609,196.5458221435547,0.7919471153846154,0.7664117217063904,0.7798076923076923
610,196.5884246826172,0.7926682692307693,0.7624341249465942,0.7855769230769231
611,196.82080078125,0.791826923076923,0.7619719505310059,0.7855769230769231
612,196.77426147460938,0.7929086538461538,0.760064423084259,0.7889423076923077
613,196.7595672607422,0.7912259615384616,0.7627012133598328,0.7860576923076923
614,196.7694854736328,0.7919471153846154,0.7621418237686157,0.7865384615384615
615,196.60609436035156,0.7923076923076923,0.7625636458396912,0.7855769230769231
616,196.5579833984375,0.7933894230769231,0.7620722651481628,0.7846153846153846
617,196.51988220214844,0.7926682692307693,0.7601840496063232,0.7894230769230769
618,196.3491973876953,0.7931490384615385,0.7609654664993286,0.7860576923076923
619,196.78733825683594,0.7919471153846154,0.7606563568115234,0.7889423076923077
620,196.59063720703125,0.7919471153846154,0.7595331072807312,0.7894230769230769
621,196.52525329589844,0.7927884615384615,0.7656574845314026,0.7817307692307692
622,196.60826110839844,0.7917067307692308,0.7623889446258545,0.7860576923076923
623,196.30210876464844,0.7944711538461539,0.7595693469047546,0.7899038461538461
624,196.35581970214844,0.7942307692307692,0.7625040411949158,0.7865384615384615
625,196.65097045898438,0.7924278846153846,0.7624198794364929,0.7865384615384615
626,196.31837463378906,0.7921875,0.7594318985939026,0.791826923076923
627,196.4269561767578,0.7930288461538462,0.7586327195167542,0.7913461538461538
628,196.42617797851562,0.7933894230769231,0.7601972222328186,0.7879807692307692
629,196.54147338867188,0.7924278846153846,0.7638591527938843,0.7846153846153846
630,196.29066467285156,0.7939903846153846,0.761785626411438,0.7875
631,196.53509521484375,0.7927884615384615,0.7620785236358643,0.7841346153846154
632,196.448486328125,0.7933894230769231,0.7635330557823181,0.7841346153846154
633,196.53775024414062,0.7923076923076923,0.7583099603652954,0.7927884615384615
634,196.33425903320312,0.7930288461538462,0.7666187882423401,0.7769230769230769
635,196.23138427734375,0.7935096153846154,0.762694776058197,0.7841346153846154
636,196.23902893066406,0.7945913461538462,0.759896993637085,0.7860576923076923
637,196.4462127685547,0.7932692307692307,0.7633494734764099,0.7850961538461538
638,196.64138793945312,0.7925480769230769,0.7672865390777588,0.7778846153846154
639,196.4228057861328,0.7929086538461538,0.7599656581878662,0.7875
640,196.32264709472656,0.7926682692307693,0.7600878477096558,0.7875
641,196.37265014648438,0.79375,0.7634732127189636,0.7817307692307692
642,196.17800903320312,0.7948317307692307,0.7607879042625427,0.7860576923076923
643,196.23468017578125,0.7926682692307693,0.7613224983215332,0.7850961538461538
644,196.68746948242188,0.7907451923076924,0.7603762745857239,0.7875
645,196.1329803466797,0.7936298076923077,0.7575252056121826,0.7947115384615384
646,196.09982299804688,0.7933894230769231,0.76077800989151,0.7846153846153846
647,196.33335876464844,0.7927884615384615,0.7593305110931396,0.7899038461538461
648,196.14907836914062,0.7953125,0.7621104121208191,0.7836538461538461
649,196.28707885742188,0.7939903846153846,0.7623109221458435,0.7836538461538461
650,195.8590087890625,0.7949519230769231,0.7650172710418701,0.7807692307692308
651,196.76171875,0.7915865384615385,0.7585024833679199,0.7903846153846154
652,196.06210327148438,0.7948317307692307,0.7595747113227844,0.791826923076923
653,196.2323760986328,0.7938701923076923,0.7602637410163879,0.7884615384615384
654,196.262939453125,0.7945913461538462,0.7581464052200317,0.7923076923076923
655,195.93824768066406,0.7959134615384615,0.7619986534118652,0.7841346153846154
656,195.9190673828125,0.7951923076923076,0.757502019405365,0.791826923076923
657,196.09271240234375,0.7942307692307692,0.7603581547737122,0.7875
658,195.78855895996094,0.7969951923076923,0.7598056197166443,0.7884615384615384
659,195.96815490722656,0.7945913461538462,0.7599036693572998,0.7879807692307692
660,196.4221649169922,0.7929086538461538,0.7604387998580933,0.7870192307692307
661,196.20849609375,0.7943509615384615,0.7608520984649658,0.7894230769230769
662,195.81597900390625,0.7965144230769231,0.7614272236824036,0.7850961538461538
663,196.12088012695312,0.7935096153846154,0.7610703110694885,0.7841346153846154
664,196.19395446777344,0.7945913461538462,0.7599008083343506,0.7860576923076923
665,196.12875366210938,0.7938701923076923,0.7595819234848022,0.7889423076923077
666,196.13522338867188,0.794110576923077,0.7588145136833191,0.7884615384615384
667,195.68174743652344,0.7956730769230769,0.7593407034873962,0.7889423076923077
668,195.71981811523438,0.7963942307692308,0.7595710158348083,0.7879807692307692
669,195.84207153320312,0.7962740384615384,0.7596484422683716,0.7889423076923077
670,196.05218505859375,0.7948317307692307,0.7626524567604065,0.7807692307692308
671,195.8410186767578,0.7953125,0.7591770887374878,0.7884615384615384
672,196.0452423095703,0.7943509615384615,0.7624125480651855,0.7850961538461538
673,195.5289764404297,0.7975961538461539,0.7591309547424316,0.7894230769230769
674,195.71682739257812,0.7963942307692308,0.7584906816482544,0.7899038461538461
675,195.5164337158203,0.7975961538461539,0.7598457932472229,0.7884615384615384
676,195.94583129882812,0.7955528846153846,0.7612519264221191,0.7850961538461538
677,195.5908660888672,0.7967548076923077,0.7582891583442688,0.7913461538461538
678,195.8583526611328,0.7949519230769231,0.760352611541748,0.7836538461538461
679,195.76870727539062,0.7960336538461539,0.7597832679748535,0.7865384615384615
680,195.69595336914062,0.7954326923076923,0.7585064172744751,0.7913461538461538
681,195.84329223632812,0.7959134615384615,0.7584260702133179,0.7908653846153846
682,195.6752471923828,0.7953125,0.756935179233551,0.7903846153846154
683,195.5413360595703,0.7963942307692308,0.7593027949333191,0.7884615384615384
684,195.64280700683594,0.7967548076923077,0.7613269686698914,0.7850961538461538
685,195.49142456054688,0.7975961538461539,0.7586563229560852,0.7884615384615384
686,195.50146484375,0.7972355769230769,0.7616154551506042,0.7855769230769231
687,195.350341796875,0.7973557692307692,0.7610735893249512,0.7841346153846154
688,195.83023071289062,0.7959134615384615,0.7613012194633484,0.7870192307692307
689,195.3992919921875,0.7974759615384616,0.7619203329086304,0.7841346153846154
690,195.8519744873047,0.7960336538461539,0.7601389288902283,0.7889423076923077
691,195.83396911621094,0.79375,0.7574806809425354,0.791826923076923
692,195.4658203125,0.7963942307692308,0.7565414905548096,0.7932692307692307
693,195.28758239746094,0.7984375,0.7559798359870911,0.7947115384615384
694,195.35081481933594,0.7981971153846154,0.7584343552589417,0.7875
695,195.35743713378906,0.7973557692307692,0.7566731572151184,0.7913461538461538
696,195.44313049316406,0.7969951923076923,0.7560945749282837,0.79375
697,195.61569213867188,0.7961538461538461,0.7579577565193176,0.7889423076923077
698,195.77108764648438,0.7969951923076923,0.7594841122627258,0.7870192307692307
699,195.2896270751953,0.7974759615384616,0.7570213079452515,0.7913461538461538
700,195.43519592285156,0.7978365384615385,0.7603718042373657,0.7865384615384615
701,195.53268432617188,0.7962740384615384,0.7587969899177551,0.7899038461538461
702,195.28208923339844,0.7974759615384616,0.7591424584388733,0.7879807692307692
703,195.23960876464844,0.7981971153846154,0.7593477964401245,0.7879807692307692
704,195.39349365234375,0.7966346153846153,0.7579798102378845,0.7879807692307692
705,195.21791076660156,0.7985576923076924,0.7596007585525513,0.7875
706,195.28282165527344,0.7969951923076923,0.7625475525856018,0.7846153846153846
707,195.06175231933594,0.7984375,0.7568942904472351,0.7923076923076923
708,195.01272583007812,0.7984375,0.7600886225700378,0.7855769230769231
709,195.29164123535156,0.7971153846153847,0.7561480402946472,0.7932692307692307
710,195.02671813964844,0.7985576923076924,0.7678112983703613,0.7769230769230769
711,195.33456420898438,0.7967548076923077,0.7563506960868835,0.7913461538461538
712,194.96829223632812,0.799639423076923,0.760155200958252,0.7865384615384615
713,195.00503540039062,0.7990384615384616,0.7560439705848694,0.7927884615384615
714,195.11843872070312,0.799639423076923,0.7564903497695923,0.7908653846153846
715,195.0653076171875,0.7991586538461538,0.7656072378158569,0.7817307692307692
716,195.23350524902344,0.7961538461538461,0.7587574124336243,0.7889423076923077
717,195.13558959960938,0.7979567307692308,0.7590339779853821,0.7889423076923077
718,194.94418334960938,0.7986778846153846,0.7596451640129089,0.7865384615384615
719,195.03201293945312,0.7995192307692308,0.760856032371521,0.7879807692307692
720,195.07687377929688,0.799639423076923,0.756208062171936,0.7927884615384615
721,195.08724975585938,0.7985576923076924,0.7561622858047485,0.7903846153846154
722,195.1195068359375,0.7981971153846154,0.7569842338562012,0.7903846153846154
723,194.96116638183594,0.7995192307692308,0.757241427898407,0.7889423076923077
724,194.96551513671875,0.7987980769230769,0.7571237087249756,0.7875
725,194.99546813964844,0.7980769230769231,0.7630610466003418,0.78125
726,195.0723876953125,0.7974759615384616,0.7581419348716736,0.7899038461538461
727,194.9119415283203,0.7997596153846154,0.7605364322662354,0.7865384615384615
728,195.00930786132812,0.7986778846153846,0.7578060030937195,0.7889423076923077
729,194.9971923828125,0.7980769230769231,0.7634710669517517,0.7831730769230769
730,195.1927490234375,0.7981971153846154,0.7573269605636597,0.7899038461538461
731,194.8533172607422,0.7991586538461538,0.7563949227333069,0.791826923076923
732,194.9738311767578,0.7986778846153846,0.7555692791938782,0.791826923076923
733,194.9620361328125,0.7985576923076924,0.7560954689979553,0.7913461538461538
734,194.880615234375,0.7992788461538461,0.7561643123626709,0.7899038461538461
735,194.6720733642578,0.7990384615384616,0.7585455179214478,0.7870192307692307
736,195.12542724609375,0.7980769230769231,0.7556968927383423,0.7908653846153846
737,194.8640594482422,0.7992788461538461,0.759181022644043,0.7860576923076923
738,194.90675354003906,0.7984375,0.7580544948577881,0.7870192307692307
739,195.03851318359375,0.7989182692307693,0.7580468058586121,0.7884615384615384
740,194.54017639160156,0.8013221153846154,0.7609849572181702,0.7836538461538461
741,194.83145141601562,0.7986778846153846,0.7576228976249695,0.7879807692307692
742,194.68589782714844,0.799639423076923,0.7610267996788025,0.7841346153846154
743,194.9066162109375,0.7991586538461538,0.7565871477127075,0.7913461538461538
744,194.84010314941406,0.799639423076923,0.7566921710968018,0.7889423076923077
745,194.6271514892578,0.7995192307692308,0.7589053511619568,0.7884615384615384
746,194.74777221679688,0.7986778846153846,0.7627555131912231,0.7855769230769231
747,194.66873168945312,0.7990384615384616,0.7559749484062195,0.7913461538461538
748,194.8635711669922,0.7984375,0.7564916014671326,0.7908653846153846
749,194.65284729003906,0.7992788461538461,0.7589626312255859,0.7841346153846154
750,194.75222778320312,0.7995192307692308,0.7622113823890686,0.7841346153846154
751,194.59996032714844,0.8008413461538462,0.7589250802993774,0.7884615384615384
752,194.6559295654297,0.8010817307692307,0.7617523074150085,0.7850961538461538
753,194.7265625,0.7987980769230769,0.7575670480728149,0.7870192307692307
754,194.65875244140625,0.8003605769230769,0.7576391696929932,0.7884615384615384
755,194.52281188964844,0.8018028846153846,0.7639352679252625,0.7822115384615385
756,194.6495819091797,0.8001201923076923,0.7576965093612671,0.7884615384615384
757,194.67236328125,0.7995192307692308,0.7556552290916443,0.7899038461538461
758,194.59649658203125,0.8012019230769231,0.7553450465202332,0.7908653846153846
759,195.137451171875,0.7969951923076923,0.7571743130683899,0.7875
760,194.82398986816406,0.7984375,0.7563567757606506,0.7889423076923077
761,194.9010467529297,0.799639423076923,0.7583839893341064,0.7850961538461538
762,194.72152709960938,0.799639423076923,0.7569132447242737,0.7894230769230769
763,194.72230529785156,0.7991586538461538,0.7553003430366516,0.7932692307692307
764,194.4143524169922,0.8014423076923077,0.7602005004882812,0.7875
765,194.65869140625,0.7992788461538461,0.7551854252815247,0.7908653846153846
766,194.51759338378906,0.8010817307692307,0.7616956233978271,0.7884615384615384
767,194.6321258544922,0.8002403846153846,0.7550874352455139,0.7923076923076923
768,194.781005859375,0.8001201923076923,0.7645350694656372,0.7788461538461539
769,194.69778442382812,0.8001201923076923,0.7586947083473206,0.7855769230769231
770,194.5600128173828,0.7997596153846154,0.7571113109588623,0.7879807692307692
771,194.69041442871094,0.7997596153846154,0.7564449310302734,0.7899038461538461
772,194.74038696289062,0.7989182692307693,0.7577753663063049,0.7899038461538461
773,194.59873962402344,0.8001201923076923,0.755058228969574,0.7932692307692307
774,194.3984375,0.8024038461538462,0.7555792331695557,0.7899038461538461
775,194.6689453125,0.7998798076923077,0.7581068277359009,0.7879807692307692
776,194.8065185546875,0.7983173076923077,0.7563507556915283,0.7879807692307692
777,194.4287872314453,0.8010817307692307,0.7559072971343994,0.7908653846153846
778,194.79249572753906,0.7997596153846154,0.7557706236839294,0.7923076923076923
779,194.6765899658203,0.7997596153846154,0.7544724345207214,0.791826923076923
780,194.61354064941406,0.7993990384615385,0.7623699307441711,0.7822115384615385
781,194.49851989746094,0.8006009615384615,0.7558484673500061,0.7908653846153846
782,194.44021606445312,0.8009615384615385,0.7556483149528503,0.7923076923076923
783,194.32171630859375,0.8013221153846154,0.758324384689331,0.7875
784,194.6127471923828,0.799639423076923,0.7610530257225037,0.7870192307692307
785,194.57626342773438,0.8004807692307693,0.754542350769043,0.7932692307692307
786,194.48776245117188,0.8009615384615385,0.7547613382339478,0.7913461538461538
787,194.32034301757812,0.8018028846153846,0.7559332251548767,0.7884615384615384
788,194.567138671875,0.7998798076923077,0.7580418586730957,0.7879807692307692
789,194.38351440429688,0.8008413461538462,0.7589943408966064,0.7865384615384615
790,194.4962158203125,0.801923076923077,0.765433669090271,0.78125
791,194.31756591796875,0.8027644230769231,0.7546316981315613,0.7927884615384615
792,194.25811767578125,0.8021634615384615,0.7553784251213074,0.791826923076923
793,194.2740478515625,0.8014423076923077,0.7597483992576599,0.7855769230769231
794,194.8443603515625,0.7983173076923077,0.756149172782898,0.7903846153846154
795,194.41348266601562,0.8018028846153846,0.7572329044342041,0.7894230769230769
796,194.1852264404297,0.801923076923077,0.7635394334793091,0.7836538461538461
797,194.21046447753906,0.8020432692307692,0.7575643658638,0.7899038461538461
798,194.3321533203125,0.8013221153846154,0.7574054002761841,0.7913461538461538
799,194.294189453125,0.8008413461538462,0.7570925951004028,0.7884615384615384
800,194.3402099609375,0.8004807692307693,0.7560521960258484,0.7903846153846154
801,194.32569885253906,0.8012019230769231,0.7647250890731812,0.7831730769230769
802,194.08934020996094,0.8032451923076923,0.7558038830757141,0.7884615384615384
803,194.33216857910156,0.8010817307692307,0.7600803375244141,0.7850961538461538
804,194.21188354492188,0.8018028846153846,0.7557312250137329,0.7908653846153846
805,194.3998565673828,0.8013221153846154,0.7575162053108215,0.7889423076923077
806,194.24807739257812,0.8021634615384615,0.7566431760787964,0.7894230769230769
807,194.04782104492188,0.803125,0.7620114684104919,0.7850961538461538
808,194.1591339111328,0.8027644230769231,0.7541510462760925,0.7932692307692307
809,194.27159118652344,0.8015625,0.7543646693229675,0.7966346153846153
810,194.44338989257812,0.8006009615384615,0.7575016021728516,0.791826923076923
811,194.0552978515625,0.8024038461538462,0.7561424970626831,0.7899038461538461
812,194.12318420410156,0.8021634615384615,0.757080078125,0.7860576923076923
813,194.45590209960938,0.8014423076923077,0.7542669773101807,0.7951923076923076
814,194.20486450195312,0.8021634615384615,0.7587177753448486,0.7865384615384615
815,194.1638946533203,0.8027644230769231,0.7596969604492188,0.7841346153846154
816,193.98818969726562,0.8042067307692308,0.7568187117576599,0.7875
817,194.09164428710938,0.8028846153846154,0.7549320459365845,0.7923076923076923
818,193.9253692626953,0.8039663461538461,0.7579467296600342,0.7865384615384615
819,194.2406463623047,0.8025240384615384,0.7560110688209534,0.791826923076923
820,194.0718994140625,0.801923076923077,0.7555227875709534,0.7894230769230769
821,194.18112182617188,0.8026442307692307,0.759817361831665,0.7865384615384615
822,194.20750427246094,0.8024038461538462,0.7573648691177368,0.7894230769230769
823,194.13079833984375,0.8024038461538462,0.7570503950119019,0.7879807692307692
824,194.14073181152344,0.8026442307692307,0.7562741041183472,0.7875
825,194.04269409179688,0.8038461538461539,0.7567959427833557,0.7865384615384615
826,194.1463165283203,0.8026442307692307,0.7580285668373108,0.7855769230769231
827,193.85617065429688,0.8036057692307692,0.7581120729446411,0.7860576923076923
828,194.00291442871094,0.8020432692307692,0.758877158164978,0.7908653846153846
829,194.08743286132812,0.8026442307692307,0.7583571672439575,0.7875
830,194.08438110351562,0.8042067307692308,0.7550740242004395,0.7927884615384615
831,193.9945068359375,0.8037259615384615,0.7549802660942078,0.7927884615384615
832,193.69619750976562,0.8043269230769231,0.7549785375595093,0.7913461538461538
833,194.08860778808594,0.801923076923077,0.7538372278213501,0.7927884615384615
834,193.99862670898438,0.8033653846153846,0.7601833939552307,0.7826923076923077
835,194.06312561035156,0.8026442307692307,0.7546300888061523,0.7942307692307692
836,193.9151611328125,0.8033653846153846,0.7584090232849121,0.7894230769230769
837,193.96922302246094,0.8036057692307692,0.7556284070014954,0.791826923076923
838,194.0859832763672,0.801923076923077,0.7590745687484741,0.7860576923076923
839,193.78179931640625,0.8044471153846153,0.7554023861885071,0.7908653846153846
840,193.78907775878906,0.8043269230769231,0.7545676827430725,0.7913461538461538
841,193.87779235839844,0.8033653846153846,0.756695568561554,0.7889423076923077
842,194.0815887451172,0.8028846153846154,0.7556055784225464,0.7947115384615384
843,193.97000122070312,0.8024038461538462,0.7544105052947998,0.79375
844,193.8362579345703,0.8042067307692308,0.7566862106323242,0.7884615384615384
845,193.85804748535156,0.8038461538461539,0.7575626373291016,0.7884615384615384
846,193.7744903564453,0.803125,0.7558735013008118,0.7879807692307692
847,193.70799255371094,0.8042067307692308,0.7536581158638,0.791826923076923
848,194.2349853515625,0.801923076923077,0.7637689709663391,0.7826923076923077
849,194.08995056152344,0.8030048076923076,0.7541873455047607,0.7942307692307692
850,193.7303009033203,0.8039663461538461,0.7578697800636292,0.7884615384615384
851,193.68365478515625,0.8037259615384615,0.7554340958595276,0.7908653846153846
852,193.78054809570312,0.8042067307692308,0.753693699836731,0.7975961538461539
853,193.73477172851562,0.8045673076923077,0.7549639940261841,0.7889423076923077
854,193.87960815429688,0.8036057692307692,0.7558588981628418,0.7875
855,193.8865509033203,0.8033653846153846,0.7572165131568909,0.7875
856,193.83773803710938,0.8039663461538461,0.7557267546653748,0.791826923076923
857,193.71710205078125,0.8048076923076923,0.7533869743347168,0.7951923076923076
858,193.85255432128906,0.8044471153846153,0.7570604681968689,0.7908653846153846
859,193.6412811279297,0.8056490384615385,0.7543579339981079,0.7927884615384615
860,193.66981506347656,0.8039663461538461,0.7541390061378479,0.791826923076923
861,193.70338439941406,0.8037259615384615,0.7538443207740784,0.79375
862,193.70225524902344,0.8038461538461539,0.7550243139266968,0.7889423076923077
863,193.7898406982422,0.8040865384615384,0.7564875483512878,0.7894230769230769
864,193.48574829101562,0.8060096153846154,0.762324869632721,0.7826923076923077
865,193.78433227539062,0.8043269230769231,0.7542910575866699,0.7903846153846154
866,193.75160217285156,0.8036057692307692,0.7535357475280762,0.7947115384615384
867,193.7839813232422,0.8045673076923077,0.757712185382843,0.7870192307692307
868,193.70152282714844,0.8036057692307692,0.7558586001396179,0.7894230769230769
869,193.5926513671875,0.8049278846153847,0.7547625303268433,0.7932692307692307
870,193.5994415283203,0.8045673076923077,0.7565172910690308,0.7884615384615384
871,193.6903839111328,0.8040865384615384,0.7560006976127625,0.7903846153846154
872,193.7739715576172,0.8045673076923077,0.7577842473983765,0.7879807692307692
873,193.516357421875,0.8061298076923077,0.7545316219329834,0.7908653846153846
874,193.52389526367188,0.8049278846153847,0.7557305097579956,0.7894230769230769
875,193.62928771972656,0.8052884615384616,0.7550956010818481,0.7894230769230769
876,193.689453125,0.8043269230769231,0.7536278963088989,0.79375
877,193.56982421875,0.8060096153846154,0.7526124715805054,0.79375
878,193.97000122070312,0.8039663461538461,0.7550544142723083,0.7923076923076923
879,193.28085327148438,0.8069711538461538,0.7571133971214294,0.7903846153846154
880,194.2650604248047,0.8024038461538462,0.7535271048545837,0.7932692307692307
881,193.31060791015625,0.8061298076923077,0.754339873790741,0.7956730769230769
882,193.4126739501953,0.8057692307692308,0.7554865479469299,0.79375
883,193.4351043701172,0.8064903846153846,0.7554669380187988,0.7903846153846154
884,193.6770782470703,0.8048076923076923,0.7523880004882812,0.7947115384615384
885,193.4232177734375,0.8052884615384616,0.7525643110275269,0.7923076923076923
886,193.75218200683594,0.8050480769230769,0.7553119659423828,0.7923076923076923
887,193.27676391601562,0.8070913461538461,0.7528599500656128,0.79375
888,193.24880981445312,0.8063701923076924,0.7531057596206665,0.7942307692307692
889,193.43246459960938,0.8057692307692308,0.7534757256507874,0.7932692307692307
890,193.39007568359375,0.8058894230769231,0.7571527361869812,0.7923076923076923
891,193.20948791503906,0.8076923076923077,0.7518212795257568,0.7961538461538461
892,193.142578125,0.8070913461538461,0.7527770400047302,0.7932692307692307
893,193.60357666015625,0.8049278846153847,0.7523652911186218,0.7947115384615384
894,193.3826904296875,0.8055288461538461,0.7518709897994995,0.7932692307692307
895,193.22189331054688,0.8052884615384616,0.753779947757721,0.791826923076923
896,193.1886444091797,0.8064903846153846,0.7521593570709229,0.7947115384615384
897,193.41131591796875,0.8048076923076923,0.7558156847953796,0.7884615384615384
898,193.50918579101562,0.8051682692307692,0.7529379725456238,0.7942307692307692
899,193.3384246826172,0.8058894230769231,0.7526924014091492,0.7923076923076923
900,193.4443359375,0.8066105769230769,0.7554921507835388,0.7908653846153846
901,193.1551055908203,0.8067307692307693,0.7551708221435547,0.7908653846153846
902,193.1502685546875,0.807451923076923,0.7529929280281067,0.7951923076923076
903,193.1962127685547,0.8076923076923077,0.7551360726356506,0.7927884615384615
904,194.01763916015625,0.8038461538461539,0.7540243864059448,0.7923076923076923
905,193.17503356933594,0.8069711538461538,0.7535011768341064,0.79375
906,193.21734619140625,0.8066105769230769,0.7572739124298096,0.7889423076923077
907,193.2047119140625,0.80625,0.7511653304100037,0.7956730769230769
908,193.0078582763672,0.8082932692307693,0.7537491321563721,0.79375
909,193.94961547851562,0.8034855769230769,0.7529901266098022,0.7932692307692307
910,193.19912719726562,0.8063701923076924,0.7575611472129822,0.7884615384615384
911,193.020263671875,0.8068509615384616,0.7574678063392639,0.7889423076923077
912,193.2127227783203,0.8064903846153846,0.7567583322525024,0.7899038461538461
913,193.102783203125,0.8079326923076923,0.7527419328689575,0.7947115384615384
914,193.19903564453125,0.8056490384615385,0.7569206953048706,0.7889423076923077
915,192.89503479003906,0.8079326923076923,0.7596074938774109,0.7884615384615384
916,193.0303955078125,0.8063701923076924,0.7512436509132385,0.7966346153846153
917,192.89930725097656,0.8085336538461538,0.7523218393325806,0.7947115384615384
918,192.96693420410156,0.8075721153846154,0.751467227935791,0.7966346153846153
919,193.27066040039062,0.8063701923076924,0.7533929347991943,0.7966346153846153
920,192.8770751953125,0.8079326923076923,0.7559493780136108,0.7899038461538461
921,193.1128692626953,0.8061298076923077,0.7531263828277588,0.7913461538461538
922,192.8313751220703,0.8085336538461538,0.7540766596794128,0.7903846153846154
923,193.11996459960938,0.80625,0.7542577981948853,0.79375
924,192.9332733154297,0.8080528846153846,0.7553168535232544,0.7899038461538461
925,193.25299072265625,0.8058894230769231,0.752974808216095,0.7947115384615384
926,193.0437774658203,0.807451923076923,0.7530779838562012,0.7942307692307692
927,193.04742431640625,0.807451923076923,0.7550289034843445,0.791826923076923
928,193.0006561279297,0.807451923076923,0.7511247992515564,0.7980769230769231
929,193.05020141601562,0.8072115384615385,0.7599219083786011,0.7855769230769231
930,194.1710968017578,0.8014423076923077,0.7513250112533569,0.7990384615384616
931,192.9291229248047,0.8072115384615385,0.7551059722900391,0.791826923076923
932,192.78131103515625,0.8088942307692307,0.7515365481376648,0.7951923076923076
933,193.04351806640625,0.8069711538461538,0.7516204118728638,0.7966346153846153
934,192.86459350585938,0.8086538461538462,0.7548523545265198,0.7923076923076923
935,192.88482666015625,0.8086538461538462,0.7521424889564514,0.79375
936,192.913818359375,0.8080528846153846,0.753283679485321,0.7951923076923076
937,193.00979614257812,0.8064903846153846,0.7540199160575867,0.7923076923076923
938,192.7994384765625,0.8091346153846154,0.7509718537330627,0.7985576923076924
939,192.77586364746094,0.809375,0.7583393454551697,0.7889423076923077
940,192.85202026367188,0.8096153846153846,0.7525457143783569,0.7942307692307692
941,192.75738525390625,0.809375,0.7535984516143799,0.7947115384615384
942,192.86500549316406,0.8081730769230769,0.7510235905647278,0.7975961538461539
943,193.4219970703125,0.8064903846153846,0.7546656131744385,0.7932692307692307
944,192.6669921875,0.8102163461538462,0.756115734577179,0.7908653846153846
945,192.93763732910156,0.8082932692307693,0.7578161358833313,0.7889423076923077
946,192.44525146484375,0.8109375,0.7512966394424438,0.7966346153846153
947,192.81275939941406,0.8086538461538462,0.7536340355873108,0.7913461538461538
948,192.68161010742188,0.8092548076923077,0.7580301761627197,0.7903846153846154
949,193.3969268798828,0.8058894230769231,0.756727933883667,0.791826923076923
950,192.84841918945312,0.8081730769230769,0.7547523379325867,0.7932692307692307
951,193.22940063476562,0.8067307692307693,0.7506165504455566,0.7975961538461539
952,192.79974365234375,0.8080528846153846,0.7547570466995239,0.7903846153846154
953,192.6009063720703,0.8092548076923077,0.7541190385818481,0.791826923076923
954,192.5023651123047,0.8109375,0.7534082531929016,0.7956730769230769
955,192.87161254882812,0.8081730769230769,0.7555691599845886,0.7932692307692307
956,193.11044311523438,0.807451923076923,0.7526966333389282,0.791826923076923
957,192.5443115234375,0.8100961538461539,0.7521607875823975,0.7951923076923076
958,192.53236389160156,0.8106971153846154,0.7501891851425171,0.7995192307692308
959,192.55645751953125,0.809375,0.7533403635025024,0.7923076923076923
960,192.62774658203125,0.8094951923076923,0.7507959008216858,0.7961538461538461
961,192.777587890625,0.8085336538461538,0.7521536946296692,0.79375
962,192.88796997070312,0.8073317307692308,0.7534254789352417,0.7908653846153846
963,192.5797119140625,0.8094951923076923,0.7520685791969299,0.7942307692307692
964,193.042724609375,0.8067307692307693,0.7737334370613098,0.7740384615384616
965,193.23448181152344,0.8070913461538461,0.7528020739555359,0.79375
966,192.57257080078125,0.809735576923077,0.7528262734413147,0.7913461538461538
967,192.51998901367188,0.8096153846153846,0.7544002532958984,0.7908653846153846
968,192.47283935546875,0.8100961538461539,0.7534413933753967,0.7947115384615384
969,193.27394104003906,0.8067307692307693,0.7566817402839661,0.7908653846153846
970,192.67971801757812,0.8098557692307692,0.7553328275680542,0.7889423076923077
971,192.41757202148438,0.8099759615384615,0.7519052028656006,0.7961538461538461
972,192.4290771484375,0.8103365384615384,0.756287157535553,0.7908653846153846
973,192.5889129638672,0.8086538461538462,0.7570496797561646,0.7870192307692307
974,192.52688598632812,0.8096153846153846,0.7517757415771484,0.7951923076923076
975,192.56236267089844,0.8098557692307692,0.7533301711082458,0.7932692307692307
976,192.4210662841797,0.8108173076923076,0.7551400661468506,0.79375
977,192.67239379882812,0.8096153846153846,0.7584359049797058,0.7865384615384615
978,192.70550537109375,0.8085336538461538,0.7624992728233337,0.7836538461538461
979,192.65040588378906,0.8092548076923077,0.7553979158401489,0.7899038461538461
980,193.20443725585938,0.8064903846153846,0.7564674615859985,0.791826923076923
981,192.42323303222656,0.8105769230769231,0.7541707754135132,0.7903846153846154
982,192.4180145263672,0.8104567307692307,0.7531513571739197,0.79375
983,192.4281463623047,0.8091346153846154,0.7550773620605469,0.79375
984,193.56387329101562,0.8049278846153847,0.7556312084197998,0.7903846153846154
985,192.2444610595703,0.8114182692307692,0.7510667443275452,0.7975961538461539
986,192.37161254882812,0.8102163461538462,0.7554411292076111,0.7894230769230769
987,192.33151245117188,0.8102163461538462,0.7531306147575378,0.79375
988,192.98410034179688,0.8084134615384615,0.7525116205215454,0.7961538461538461
989,192.56887817382812,0.8098557692307692,0.7555347681045532,0.7927884615384615
990,192.4855499267578,0.809375,0.7520046234130859,0.7971153846153847
991,192.1669921875,0.8122596153846153,0.7542803883552551,0.7947115384615384
992,192.3673553466797,0.8109375,0.7512335777282715,0.7951923076923076
993,192.53475952148438,0.8098557692307692,0.7557748556137085,0.7932692307692307
994,193.13241577148438,0.8070913461538461,0.7518762946128845,0.7980769230769231
995,192.2996368408203,0.8108173076923076,0.7510663270950317,0.7985576923076924
996,192.2566375732422,0.8121394230769231,0.7549906969070435,0.7908653846153846
997,192.28878784179688,0.8109375,0.7515647411346436,0.7995192307692308
998,192.5296173095703,0.8103365384615384,0.7558781504631042,0.791826923076923
999,192.6094207763672,0.8090144230769231,0.7512862086296082,0.7975961538461539
