time,open,high,low,close,volume
2019-10-15 18:45:00,48.819245063100006,48.819245063100006,48.77189371,48.77189371,401
2019-10-15 17:15:00,49.4632234655,49.4821640067,49.4632234655,49.4821640067,1701
2019-10-15 16:15:00,48.7245423568,48.7245423568,48.7245423568,48.7245423568,217636
2019-10-15 16:00:00,48.8003045218,48.828715333699996,48.7245423568,48.7245423568,236025
2019-10-15 15:45:00,48.8855369574,48.895007228100006,48.752953168699996,48.805039657100004,89164
2019-10-15 15:30:00,48.757688304,48.895007228100006,48.757688304,48.8855369574,66099
2019-10-15 15:15:00,48.819245063100006,48.828715333699996,48.705601815600005,48.7624234393,56419
2019-10-15 15:00:00,48.8760666868,48.932888310500005,48.8097747924,48.828715333699996,39240
2019-10-15 14:45:00,49.0275910168,49.046531558000005,48.8665964162,48.8665964162,92515
2019-10-15 14:30:00,49.0275910168,49.1554396702,49.0181207462,49.0275910168,121277
2019-10-15 14:15:00,49.084412640500005,49.122293723,48.9802396637,49.0275910168,130999
2019-10-15 14:00:00,49.3116991355,49.3116991355,49.0654720993,49.0749423699,64248
2019-10-15 13:45:00,49.1507045349,49.3211694061,49.1459693996,49.302228864899995,78790
2019-10-15 13:30:00,49.1033531818,49.1507045349,49.02285588149999,49.1412342643,41741
2019-10-15 13:15:00,49.2359369705,49.2454072411,49.1033531818,49.1033531818,38099
2019-10-15 13:00:00,49.231201835200004,49.264347782399994,49.174380211400006,49.226466699899994,43535
2019-10-15 12:45:00,49.1412342643,49.3211694061,49.131763993599996,49.231201835200004,64949
2019-10-15 12:30:00,49.084412640500005,49.1791153468,49.0654720993,49.131763993599996,42387
2019-10-15 12:15:00,48.9991802049,49.1412342643,48.9802396637,49.0711542616,43967
2019-10-15 12:00:00,48.9802396637,49.1033531818,48.9518288518,48.9991802049,60597
2019-10-15 11:45:00,49.0417964227,49.0560018287,48.9423585812,48.9897099343,61354
2019-10-15 11:30:00,48.9802396637,49.0749423699,48.9423585812,49.046531558000005,56642
2019-10-15 11:15:00,48.9423585812,49.0560018287,48.9234180399,48.9612991224,72388
2019-10-15 11:00:00,48.9565639871,49.0708701535,48.895007228100006,48.9423585812,59712
2019-10-15 10:45:00,48.696131545,49.0275910168,48.6866612743,48.9612991224,70712
2019-10-15 10:30:00,48.4404342381,48.696131545,48.393082885,48.667720733100005,59155
2019-10-15 10:15:00,48.3267909907,48.4499045088,48.2889099082,48.4404342381,52365
2019-10-15 10:00:00,48.2604990963,48.4025531556,48.2131477432,48.3362612613,51591
2019-10-15 09:45:00,48.241558555,48.30785044939999,47.872218000699995,48.25576396100001,139329
2019-10-15 08:45:00,47.824866647600004,47.824866647600004,47.824866647600004,47.824866647600004,650
2019-10-14 16:30:00,48.1752666607,48.1752666607,48.1752666607,48.1752666607,100
2019-10-14 16:15:00,48.042682872,48.042682872,48.042682872,48.042682872,29440
2019-10-14 16:00:00,48.1563261194,48.1752666607,48.0332126013,48.052153142600005,327137
2019-10-14 15:45:00,48.1657963901,48.2604990963,48.1468558488,48.1563261194,138758
2019-10-14 15:30:00,48.1137099016,48.2036774726,48.052153142600005,48.1847369313,63298
2019-10-14 15:15:00,48.061623413199996,48.1468558488,48.023742330699996,48.1089747663,47358
2019-10-14 15:00:00,48.1563261194,48.1563261194,48.061623413199996,48.0710936838,141904
2019-10-14 14:45:00,48.180001796000006,48.212768932399996,48.1468558488,48.1563261194,42461
2019-10-14 14:30:00,48.1847369313,48.2510288257,48.0805639545,48.1894720666,176715
2019-10-14 14:15:00,48.2084126079,48.2226180138,48.127915307600006,48.19420720189999,35964
2019-10-14 14:00:00,48.090034225100005,48.26996936689999,48.090034225100005,48.2074655808,69313
2019-10-14 13:45:00,48.0805639545,48.1089747663,48.042682872,48.090034225100005,35497
2019-10-14 13:30:00,48.0332126013,48.099504495699996,48.023742330699996,48.0710936838,36577
2019-10-14 13:15:00,47.971655842299995,48.0710936838,47.9600074094,48.023742330699996,43037
2019-10-14 13:00:00,48.1089747663,48.137385578199996,47.966920707,47.966920707,33105
2019-10-14 12:45:00,48.075828819099996,48.1468558488,48.014272060100005,48.1089747663,41831
2019-10-14 12:30:00,48.2131477432,48.241558555,48.023742330699996,48.0805639545,40880
2019-10-14 12:15:00,48.1468558488,48.2604990963,48.0805639545,48.2036774726,62831
2019-10-14 12:00:00,48.052153142600005,48.1752666607,48.042682872,48.1468558488,50174
2019-10-14 11:45:00,48.052153142600005,48.098746874,47.976390977600005,48.052153142600005,43840
2019-10-14 11:30:00,47.815396377,48.061623413199996,47.8059261064,48.0332126013,44614
2019-10-14 11:15:00,47.966920707,48.090034225100005,47.635461235200005,47.834242215500005,109982
2019-10-14 11:00:00,47.7597111857,47.976390977600005,47.739634212,47.971655842299995,55725
2019-10-14 10:45:00,47.6401963705,47.824866647600004,47.6070504233,47.7491044826,79696
2019-10-14 10:30:00,48.1184450369,48.1563261194,47.597580152700004,47.6165206939,96902
2019-10-14 10:15:00,48.23208828439999,48.2794396375,48.090034225100005,48.137385578199996,84898
2019-10-14 10:00:00,48.2371075279,48.3267909907,48.1184450369,48.2510288257,78035
2019-10-14 09:45:00,48.705601815600005,48.705601815600005,47.8816882714,48.2770720699,185214
2019-10-14 07:15:00,48.8476558749,48.8476558749,48.8476558749,48.8476558749,313
2019-10-11 20:00:00,48.8476558749,48.8476558749,48.8476558749,48.8476558749,100
2019-10-11 19:45:00,48.8476558749,48.8476558749,48.8476558749,48.8476558749,101
2019-10-11 17:30:00,48.819245063100006,48.819245063100006,48.819245063100006,48.819245063100006,2600
2019-10-11 17:15:00,48.819245063100006,48.819245063100006,48.819245063100006,48.819245063100006,300
2019-10-11 17:00:00,48.819245063100006,48.819245063100006,48.819245063100006,48.819245063100006,1600
2019-10-11 16:30:00,48.819245063100006,48.819245063100006,48.819245063100006,48.819245063100006,800
2019-10-11 16:15:00,48.7340126275,48.7340126275,48.7340126275,48.7340126275,22487
2019-10-11 16:00:00,49.0275910168,49.093882911099996,48.696131545,48.7245423568,344789
2019-10-11 15:45:00,49.0654720993,49.1791153468,48.9139477693,49.0275910168,151579
2019-10-11 15:30:00,48.9991802049,49.131763993599996,48.9991802049,49.0749423699,78291
2019-10-11 15:15:00,48.970769393000005,49.06073696399999,48.9139477693,48.9897099343,60219
2019-10-11 15:00:00,48.9802396637,49.0560018287,48.895007228100006,48.9802396637,82707
2019-10-11 14:45:00,48.9234180399,48.9897099343,48.8665964162,48.9660342577,73655
2019-10-11 14:30:00,48.857126145600006,48.9944450696,48.819245063100006,48.9234180399,48407
2019-10-11 14:15:00,48.781363980600005,48.932888310500005,48.75304787140001,48.864039443100005,53096
2019-10-11 14:00:00,48.5824882975,48.8097747924,48.5824882975,48.7897925214,76403
2019-10-11 13:45:00,48.459374779399994,48.667720733100005,48.391283533599996,48.5824882975,63568
2019-10-11 13:30:00,48.3646720732,48.629839650600005,48.3552018025,48.4499045088,77764
2019-10-11 13:15:00,48.2889099082,48.393082885,48.2510288257,48.3362612613,64023
2019-10-11 13:00:00,48.1563261194,48.2889099082,48.1089747663,48.2889099082,122975
2019-10-11 12:45:00,48.3741423438,48.3741423438,47.966920707,48.1657963901,135861
2019-10-11 12:30:00,48.393082885,48.421493696899994,48.34573153189999,48.3741423438,63640
2019-10-11 12:15:00,48.6393099212,48.677191003699996,48.3741423438,48.392988182299995,106637
2019-10-11 12:00:00,49.0275910168,49.046531558000005,48.6393099212,48.6393099212,149006
2019-10-11 11:45:00,49.0749423699,49.1601748055,49.0275910168,49.0560018287,104578
2019-10-11 11:30:00,48.9944450696,49.1507045349,48.98705825850001,49.0749423699,82392
2019-10-11 11:15:00,49.1162327498,49.3685207592,48.9612991224,49.008650475500005,210024
2019-10-11 11:00:00,48.970864095699994,49.1412342643,48.9565639871,49.1128234524,111879
2019-10-11 10:45:00,48.9234180399,49.046531558000005,48.8381856043,48.9660342577,93077
2019-10-11 10:30:00,48.8665964162,48.9802396637,48.819245063100006,48.9139477693,107432
2019-10-11 10:15:00,48.790834251199996,49.2075261586,48.77189371,48.8665964162,122764
2019-10-11 10:00:00,48.8855369574,49.2454072411,48.667720733100005,48.7662115476,135372
2019-10-11 09:45:00,48.790834251199996,49.1507045349,48.648780191899995,48.8808018221,218105
2019-10-11 08:15:00,48.1089747663,48.1089747663,48.1089747663,48.1089747663,2882
2019-10-10 20:00:00,48.2983801788,48.2983801788,48.2983801788,48.2983801788,100
2019-10-10 18:30:00,48.2983801788,48.2983801788,48.2983801788,48.2983801788,200
2019-10-10 17:45:00,48.2984748815,48.2984748815,48.2983801788,48.2983801788,350
2019-10-10 16:30:00,48.1089747663,48.1089747663,48.1089747663,48.1089747663,3111
2019-10-10 16:15:00,48.1089747663,48.1089747663,48.1089747663,48.1089747663,40715
2019-10-10 16:00:00,48.042682872,48.23208828439999,48.023742330699996,48.1089747663,313289
2019-10-10 15:45:00,48.3267909907,48.3646720732,48.052153142600005,48.052153142600005,315672
2019-10-10 15:30:00,48.31732072,48.478315320600004,48.23208828439999,48.33152612600001,245858
2019-10-10 15:15:00,48.2131477432,48.3362612613,48.19420720189999,48.3220558553,110126
2019-10-10 15:00:00,48.0332126013,48.241558555,48.016544925,48.2226180138,106972
2019-10-10 14:45:00,47.9953315188,48.1563261194,47.985861248199996,48.037947736599996,92878
2019-10-10 14:30:00,48.085299089799996,48.1515909841,47.9574504364,48.0000666542,74785
2019-10-10 14:15:00,47.976390977600005,48.0805639545,47.815396377,48.0805639545,159957
2019-10-10 14:00:00,47.758574753299996,48.014272060100005,47.7112234001,47.9811261129,122103
2019-10-10 13:45:00,47.720693670799996,47.8059261064,47.6544017764,47.7491044826,113370
2019-10-10 13:30:00,47.6212558292,47.7866067543,47.588109882,47.7301639414,88214
2019-10-10 13:15:00,47.521817987700004,47.706488264799994,47.4981423111,47.6259909645,55495
2019-10-10 13:00:00,47.5691693408,47.5691693408,47.427115281400006,47.5312882583,192262
2019-10-10 12:45:00,47.910099083199995,47.910099083199995,47.5691693408,47.57863961140001,153805
2019-10-10 12:30:00,47.886423406700004,47.910099083199995,47.796455835799996,47.910099083199995,264444
2019-10-10 12:15:00,47.947980165699995,47.966920707,47.8438071889,47.8816882714,195957
2019-10-10 12:00:00,47.758574753299996,47.985861248199996,47.7491044826,47.947980165699995,199321
2019-10-10 11:45:00,47.8438071889,47.966920707,47.7491044826,47.7680450239,121909
2019-10-10 11:30:00,48.0710936838,48.090034225100005,47.739634212,47.8532774595,221413
2019-10-10 11:15:00,47.7510932395,48.137385578199996,47.7301639414,48.061623413199996,281765
2019-10-10 11:00:00,47.8059261064,47.891158542,47.739634212,47.7538396179,55929
2019-10-10 10:45:00,47.7538396179,47.824866647600004,47.6449315058,47.796455835799996,93293
2019-10-10 10:30:00,47.720693670799996,47.976390977600005,47.720693670799996,47.758574753299996,99612
2019-10-10 10:15:00,47.9953315188,48.0805639545,47.6544017764,47.7159585355,139455
2019-10-10 10:00:00,47.5123477171,48.0805639545,47.4915131217,47.966920707,239354
2019-10-10 09:45:00,46.877839585299995,47.5123477171,46.76050293229999,47.4460558227,194008
2019-10-10 09:00:00,46.660023361,46.660023361,46.660023361,46.660023361,499
2019-10-10 08:30:00,46.688434172799994,46.688434172799994,46.688434172799994,46.688434172799994,300
2019-10-09 18:30:00,46.7357855259,46.7357855259,46.688434172799994,46.688434172799994,1105
2019-10-09 18:15:00,46.792607149700004,46.792607149700004,46.792607149700004,46.792607149700004,1653
2019-10-09 17:00:00,46.7357855259,46.7357855259,46.7357855259,46.7357855259,100
2019-10-09 16:45:00,46.792607149700004,46.792607149700004,46.792607149700004,46.792607149700004,206
2019-10-09 16:15:00,46.792607149700004,46.792607149700004,46.792607149700004,46.792607149700004,21095
2019-10-09 16:00:00,46.868369314700004,46.9630720209,46.754726067200004,46.792607149700004,283923
2019-10-09 15:45:00,47.081450403699996,47.095655809600004,46.868369314700004,46.877839585299995,202065
2019-10-09 15:30:00,47.0388341859,47.095655809600004,47.010423374,47.086185539,67828
2019-10-09 15:15:00,47.1335368921,47.1714179746,47.0483044565,47.0483044565,48791
2019-10-09 15:00:00,47.0483044565,47.1761531099,47.043569321199996,47.1430071627,62487
2019-10-09 14:45:00,47.0009531034,47.1240666215,46.948866615,47.0483044565,97966
2019-10-09 14:30:00,47.161947704,47.3040017633,46.982012562200005,46.996217968100005,82832
2019-10-09 14:15:00,47.1335368921,47.161947704,46.991482832799996,47.161947704,67050
2019-10-09 14:00:00,47.0483044565,47.1430071627,47.0198936446,47.1335368921,43457
2019-10-09 13:45:00,47.0767152684,47.1335368921,47.0009531034,47.0483044565,67076
2019-10-09 13:30:00,46.982012562200005,47.0767152684,46.9251909384,47.071980133100006,41136
2019-10-09 13:15:00,47.105126080299996,47.2282395984,46.978224453900005,46.991482832799996,60175
2019-10-09 13:00:00,47.1240666215,47.1903585159,47.067244997799996,47.095655809600004,48326
2019-10-09 12:45:00,47.3040017633,47.3040017633,47.095655809600004,47.1335368921,52082
2019-10-09 12:30:00,47.3987044696,47.521817987700004,47.1761531099,47.27559095149999,253476
2019-10-09 12:15:00,47.095655809600004,47.4460558227,47.0767152684,47.38923419899999,147043
2019-10-09 12:00:00,46.9725422915,47.2092990571,46.9725422915,47.095655809600004,89842
2019-10-09 11:45:00,46.9630720209,47.0388341859,46.882574720600005,46.9630720209,68716
2019-10-09 11:30:00,46.7357855259,47.010423374,46.726315255299994,46.9630720209,56025
2019-10-09 11:15:00,46.8967801265,46.915720667799995,46.6032017372,46.754726067200004,66954
2019-10-09 11:00:00,46.982012562200005,46.991482832799996,46.7831368791,46.8873098559,133483
2019-10-09 10:45:00,47.1145963509,47.1808882452,46.7736666084,47.0009531034,160141
2019-10-09 10:30:00,46.901515261899995,47.1808882452,46.849239368,47.1288017568,237444
2019-10-09 10:15:00,46.7357855259,46.9772774268,46.6410828197,46.906250397200004,160244
2019-10-09 10:00:00,46.4232665954,46.7736666084,46.4232665954,46.754726067200004,136248
2019-10-09 09:45:00,46.1296882061,46.660023361,46.0160449586,46.4232665954,129126
2019-10-09 08:15:00,46.394855783500006,46.4516774072,46.394855783500006,46.4516774072,10530
2019-10-08 19:45:00,45.6182935924,45.6182935924,45.6182935924,45.6182935924,400
2019-10-08 18:30:00,46.072866582299994,46.0823368529,45.855050358,45.855050358,798
2019-10-08 16:45:00,45.769817922399994,45.8361098167,45.769817922399994,45.769817922399994,1233
2019-10-08 16:30:00,46.2906828067,46.3096233479,45.8361098167,45.8361098167,3676
2019-10-08 16:15:00,45.8361098167,45.8361098167,45.8361098167,45.8361098167,38840
2019-10-08 16:00:00,45.9402827936,45.9781638761,45.7982287342,45.845580087399995,286369
2019-10-08 15:45:00,46.0918071236,46.1296882061,45.8785366291,45.930812523,124574
2019-10-08 15:30:00,45.9686936055,46.1202179354,45.930812523,46.0918071236,81161
2019-10-08 15:15:00,46.034985499799994,46.1296882061,45.9497530642,45.959223334799994,78675
2019-10-08 15:00:00,46.3096233479,46.394855783500006,45.9686936055,46.0207800939,109358
2019-10-08 14:45:00,46.0918071236,46.375915242299996,46.0918071236,46.3096233479,88432
2019-10-08 14:30:00,46.1580990179,46.1580990179,45.9781638761,46.0823368529,71366
2019-10-08 14:15:00,46.063396311700004,46.148628747299995,46.034985499799994,46.139158476700004,47601
2019-10-08 14:00:00,46.101277394200004,46.1959801004,46.0539260411,46.0554412844,52006
2019-10-08 13:45:00,46.068131447,46.1060125295,45.997104417299994,46.101277394200004,36310
2019-10-08 13:30:00,45.9203952253,46.1202179354,45.9118719817,46.070404312,61653
2019-10-08 13:15:00,45.8929314405,45.9807208492,45.855050358,45.92134225229999,58336
2019-10-08 13:00:00,46.063396311700004,46.224390912299995,45.901170575900004,45.9118719817,70563
2019-10-08 12:45:00,45.9544881995,46.0823368529,45.8739908992,46.077791123000004,61503
2019-10-08 12:30:00,45.8739908992,45.9876341467,45.7508773811,45.9450179289,48208
2019-10-08 12:15:00,45.9402827936,45.959223334799994,45.845580087399995,45.8645206286,48727
2019-10-08 12:00:00,45.769817922399994,46.034985499799994,45.7414071105,45.9497530642,69108
2019-10-08 11:45:00,45.7982287342,45.8929314405,45.6940557574,45.7887584636,157596
2019-10-08 11:30:00,45.7224665693,45.9497530642,45.7205725151,45.7982287342,91172
2019-10-08 11:15:00,45.627763863,45.7129962986,45.5614719687,45.7129962986,111792
2019-10-08 11:00:00,45.4667692624,45.6751152161,45.4667692624,45.627763863,119628
2019-10-08 10:45:00,45.211071955600005,45.5240643997,45.078488166899994,45.476239533000005,162323
2019-10-08 10:30:00,45.362596285600006,45.3910070974,45.173190873100005,45.2300124968,83603
2019-10-08 10:15:00,44.7849097775,45.4099476387,44.5765638238,45.386271962100004,177232
2019-10-08 10:00:00,44.9080232957,44.9174935663,44.557623282600005,44.77543950689999,143366
2019-10-08 09:45:00,45.1068989787,45.1068989787,44.226163810799996,44.92696383689999,291981
2019-10-08 09:30:00,45.050077355,45.1068989787,45.050077355,45.0879584375,2337
2019-10-08 09:00:00,45.438358450600006,45.4572989918,45.362596285600006,45.362596285600006,500
2019-10-08 08:00:00,45.362596285600006,45.362596285600006,45.362596285600006,45.362596285600006,215
2019-10-08 07:45:00,45.4572989918,45.4572989918,45.4478287212,45.4572989918,1200
2019-10-08 07:15:00,45.6940557574,45.6940557574,45.6940557574,45.6940557574,100
2019-10-07 17:00:00,45.7982287342,45.7982287342,45.7982287342,45.7982287342,239
2019-10-07 16:15:00,45.7982287342,45.7982287342,45.7982287342,45.7982287342,128270
2019-10-07 16:00:00,45.8739908992,45.92134225229999,45.7508773811,45.779288193,285917
2019-10-07 15:45:00,46.006574688,46.0160449586,45.8361098167,45.88346116979999,102040
2019-10-07 15:30:00,45.9876341467,46.072866582299994,45.959223334799994,46.014813823400004,82734
2019-10-07 15:15:00,46.006574688,46.0160449586,45.9024017111,45.997104417299994,63214
2019-10-07 15:00:00,45.9781638761,45.997104417299994,45.8266395461,45.9876341467,86840
2019-10-07 14:45:00,46.1933284246,46.238596318199995,45.959223334799994,45.9828990114,108721
2019-10-07 14:30:00,46.101277394200004,46.205450371000005,46.034985499799994,46.1959801004,82777
2019-10-07 14:15:00,46.224390912299995,46.2717422654,45.959223334799994,46.101277394200004,153526
2019-10-07 14:00:00,45.926077387700005,46.219655777,45.9024017111,46.219655777,137097
2019-10-07 13:45:00,45.703526028,45.997104417299994,45.6656449455,45.92134225229999,85020
2019-10-07 13:30:00,45.7887584636,45.8739908992,45.7082611633,45.7082611633,106847
2019-10-07 13:15:00,46.0918071236,46.1202179354,45.7887584636,45.8171692755,67380
2019-10-07 13:00:00,46.0160449586,46.0918071236,45.9686936055,46.0918071236,57462
2019-10-07 12:45:00,45.888196305200005,46.0018395526,45.7332626778,46.0018395526,56033
2019-10-07 12:30:00,45.807699004899995,45.959223334799994,45.807699004899995,45.88346116979999,54651
2019-10-07 12:15:00,45.52851542689999,45.8171692755,45.52851542689999,45.7887584636,56184
2019-10-07 12:00:00,45.6088233218,45.637234133599996,45.4099476387,45.5330611568,59644
2019-10-07 11:45:00,45.769817922399994,45.7840233283,45.3531260149,45.5709422393,152535
2019-10-07 11:30:00,46.1723044239,46.205450371000005,45.769817922399994,45.769817922399994,112925
2019-10-07 11:15:00,46.072866582299994,46.338034159799996,46.072866582299994,46.186509829799995,119680
2019-10-07 11:00:00,45.8929314405,46.1723044239,45.8929314405,46.072866582299994,195562
2019-10-07 10:45:00,45.845580087399995,45.8976665758,45.6324989983,45.8929314405,122910
2019-10-07 10:30:00,45.552001698000005,45.9118719817,45.552001698000005,45.845580087399995,152200
2019-10-07 10:15:00,45.182661143699995,45.552001698000005,45.154250331899995,45.552001698000005,121843
2019-10-07 10:00:00,44.92696383689999,45.362596285600006,44.8796124838,45.222436280299995,122853
2019-10-07 09:45:00,44.604974635699996,45.050077355,44.5008016588,44.9080232957,150125
2019-10-07 09:30:00,44.548153012,44.548153012,44.548153012,44.548153012,110
2019-10-04 19:00:00,44.7470286951,44.7470286951,44.7470286951,44.7470286951,730
2019-10-04 16:45:00,44.6807368007,44.6807368007,44.6807368007,44.6807368007,404
2019-10-04 16:30:00,44.6807368007,44.6807368007,44.6807368007,44.6807368007,200
2019-10-04 16:15:00,44.6807368007,44.6807368007,44.6807368007,44.6807368007,107258
2019-10-04 16:00:00,44.5055367942,44.7280881538,44.5008016588,44.6807368007,394441
2019-10-04 15:45:00,44.406098952600004,44.533947606000005,44.401363817299995,44.5008016588,130738
2019-10-04 15:30:00,44.406098952600004,44.406098952600004,44.3445421936,44.396628682,70497
2019-10-04 15:15:00,44.320866517,44.472390847,44.292455705100004,44.396628682,62535
2019-10-04 15:00:00,44.3587475995,44.377688140699995,44.2735151639,44.330336787600004,72284
2019-10-04 14:45:00,44.4345097645,44.453450305699995,44.3492773289,44.354012464200004,49703
2019-10-04 14:30:00,44.3113962464,44.4345097645,44.3113962464,44.4345097645,38234
2019-10-04 14:15:00,44.3587475995,44.4250394939,44.301925975799996,44.3066611111,37454
2019-10-04 14:00:00,44.453450305699995,44.496066523500005,44.325317544200004,44.354012464200004,41097
2019-10-04 13:45:00,44.472390847,44.529212470699996,44.406098952600004,44.4399078187,72575
2019-10-04 13:30:00,44.567093553199996,44.5765638238,44.406098952600004,44.4629205764,72181
2019-10-04 13:15:00,44.368217870100004,44.5651047964,44.330336787600004,44.557623282600005,43997
2019-10-04 13:00:00,44.377688140699995,44.3916094386,44.3113962464,44.363482734799994,40517
2019-10-04 12:45:00,44.245104352,44.406098952600004,44.245104352,44.377688140699995,54581
2019-10-04 12:30:00,44.1504016458,44.2687800286,44.1504016458,44.249839487299994,31697
2019-10-04 12:15:00,44.301925975799996,44.330336787600004,44.1646070517,44.1646070517,43209
2019-10-04 12:00:00,44.2735151639,44.3498455451,44.2735151639,44.301925975799996,33210
2019-10-04 11:45:00,44.093580022,44.320866517,44.093580022,44.2735151639,44703
2019-10-04 11:30:00,44.08410975140001,44.169342187,44.065169210200004,44.093580022,35993
2019-10-04 11:15:00,43.9515259627,44.099735698,43.9041746096,44.065169210200004,57131
2019-10-04 11:00:00,43.9579657467,44.0367583983,43.9041746096,43.9609962333,61081
2019-10-04 10:45:00,44.0367583983,44.0746394808,43.9136448802,43.9318277998,61879
2019-10-04 10:30:00,44.2735151639,44.3401858691,44.0367583983,44.0367583983,116014
2019-10-04 10:15:00,44.2829854345,44.368217870100004,44.2356340814,44.285731813000005,129197
2019-10-04 10:00:00,44.415569223199995,44.633385447600006,43.8852340683,44.2735151639,160758
2019-10-04 09:45:00,44.2072232695,44.633385447600006,44.1882827283,44.415569223199995,213738
2019-10-04 09:30:00,44.453450305699995,44.453450305699995,44.226163810799996,44.226163810799996,750
2019-10-04 09:15:00,44.226163810799996,44.226163810799996,44.226163810799996,44.226163810799996,587
2019-10-04 09:00:00,44.178812457700005,44.178812457700005,44.178812457700005,44.178812457700005,100
2019-10-04 08:45:00,44.08410975140001,44.226163810799996,44.08410975140001,44.178812457700005,10117
2019-10-04 08:30:00,44.08410975140001,44.08410975140001,44.08410975140001,44.08410975140001,2500
2019-10-04 07:45:00,43.8757637977,43.8757637977,43.8757637977,43.8757637977,100
2019-10-03 18:45:00,44.08410975140001,44.08410975140001,44.08410975140001,44.08410975140001,100
2019-10-03 18:30:00,44.08410975140001,44.08410975140001,44.08410975140001,44.08410975140001,100
2019-10-03 16:15:00,44.103050292700004,44.103050292700004,44.103050292700004,44.103050292700004,87423
2019-10-03 16:00:00,44.0367583983,44.140931375200005,43.9420556921,44.1219908339,403521
2019-10-03 15:45:00,43.9799367746,44.1172556986,43.970466503900006,44.0367583983,117374
2019-10-03 15:30:00,44.027288127700004,44.046133966199996,43.9420556921,43.9799367746,69252
2019-10-03 15:15:00,44.0699043455,44.1219908339,43.9941421805,44.0367583983,76755
2019-10-03 15:00:00,44.103050292700004,44.1646070517,44.04622866890001,44.0699043455,79946
2019-10-03 14:45:00,44.0746394808,44.1504016458,44.0509638042,44.103050292700004,75259
2019-10-03 14:30:00,44.0414935336,44.1314611045,43.989407045200004,44.0922541842,88298
2019-10-03 14:15:00,44.0556989396,44.1125205633,43.9136448802,44.04622866890001,99318
2019-10-03 14:00:00,43.970466503900006,44.1267259692,43.970466503900006,44.0556989396,119530
2019-10-03 13:45:00,43.81894217399999,44.0367583983,43.7100340618,43.989407045200004,92438
2019-10-03 13:30:00,43.6768881146,43.8557815267,43.6018835713,43.8094719033,79396
2019-10-03 13:15:00,43.6295367615,43.7195043324,43.610596220299996,43.678308655200006,129166
2019-10-03 13:00:00,43.5632448671,43.6863583852,43.5064232434,43.6200664909,66828
2019-10-03 12:45:00,43.5537745965,43.639007032100004,43.515893514,43.5537745965,75628
2019-10-03 12:30:00,43.383309725299995,43.6200664909,43.2507259366,43.5632448671,77046
2019-10-03 12:15:00,43.3406935075,43.512578919300005,43.2601962072,43.3975151312,85006
2019-10-03 12:00:00,43.241255666,43.345428642799995,43.165493501,43.3406935075,96356
2019-10-03 11:45:00,43.231785395299994,43.373839454700004,43.12761241850001,43.2078256107,116337
2019-10-03 11:30:00,43.0423799829,43.2886070191,43.0234394416,43.2351946928,172119
2019-10-03 11:15:00,42.834034029099996,43.0992016066,42.8150934879,43.0423799829,97370
2019-10-03 11:00:00,42.8435042998,42.8813853823,42.4836340161,42.875040300900004,137994
2019-10-03 10:45:00,43.0329097122,43.1844340422,42.8245637585,42.8529745704,177208
2019-10-03 10:30:00,42.6040958584,43.1749637716,42.6040958584,43.016336738599996,212838
2019-10-03 10:15:00,43.1560232303,43.1560232303,42.3036988742,42.606747534200004,380938
2019-10-03 10:00:00,42.6730394286,43.2601962072,42.661580401100004,43.165493501,233082
2019-10-03 09:45:00,43.5064232434,43.572715137799996,42.6351583461,42.6591181307,343628
2019-10-03 09:30:00,43.487482702200005,43.487482702200005,43.487482702200005,43.487482702200005,220
2019-10-03 09:15:00,43.5253637846,43.5253637846,43.515893514,43.515893514,321
2019-10-03 08:15:00,43.474697836800004,43.474697836800004,43.4685421609,43.4685421609,1100
2019-10-03 08:00:00,43.4685421609,43.4685421609,43.373839454700004,43.373839454700004,560
2019-10-03 07:45:00,43.5632448671,43.6579475734,43.5537745965,43.5632448671,1670
2019-10-03 07:15:00,43.8284124446,43.8284124446,43.5632448671,43.5632448671,1207
2019-10-02 20:00:00,43.8000016327,43.8000016327,43.8000016327,43.8000016327,380
2019-10-02 19:15:00,43.7337097384,43.7337097384,43.7337097384,43.7337097384,100
2019-10-02 18:45:00,43.7242394677,43.7242394677,43.724144765,43.724144765,350
2019-10-02 18:15:00,43.724144765,43.724144765,43.724144765,43.724144765,1000
2019-10-02 18:00:00,43.7052989265,43.7069088725,43.7052989265,43.7069088725,308
2019-10-02 17:30:00,43.7052989265,43.7052989265,43.7052989265,43.7052989265,150
2019-10-02 17:15:00,43.7052989265,43.7052989265,43.7052989265,43.7052989265,100
2019-10-02 17:00:00,43.5750827054,43.5750827054,43.5750827054,43.5750827054,2596
2019-10-02 16:45:00,43.6579475734,43.7052989265,43.6579475734,43.7052989265,900
2019-10-02 16:15:00,43.7337097384,43.7526502796,43.7337097384,43.7337097384,145130
2019-10-02 16:00:00,44.0746394808,44.0746394808,43.743180009,43.7715908209,871442
2019-10-02 15:45:00,44.1125205633,44.169342187,44.0556989396,44.0793746161,260405
2019-10-02 15:30:00,44.1125205633,44.1930178636,43.9609962333,44.1137516985,234365
2019-10-02 15:15:00,43.889969203599996,44.1295670504,43.8378827152,44.121896131199996,206187
2019-10-02 15:00:00,43.8757637977,43.9609962333,43.8142070387,43.8662935271,163443
2019-10-02 14:45:00,43.534834055299996,43.9041746096,43.459071890299995,43.8684716893,202870
2019-10-02 14:30:00,43.3927799959,43.610596220299996,43.3927799959,43.5443043259,127524
2019-10-02 14:15:00,43.648477302799996,43.743180009,43.411720537200004,43.411720537200004,133488
2019-10-02 14:00:00,43.7952664974,43.8094719033,43.6248016262,43.648477302799996,80251
2019-10-02 13:45:00,43.7715908209,43.88570758189999,43.743180009,43.8000016327,82219
2019-10-02 13:30:00,43.6958286559,43.7954559028,43.6565270328,43.78106109149999,74121
2019-10-02 13:15:00,43.8378827152,43.8378827152,43.6958286559,43.6958286559,103894
2019-10-02 13:00:00,43.7052989265,43.85682325649999,43.6768881146,43.8378827152,83718
2019-10-02 12:45:00,43.7715908209,43.81894217399999,43.6579475734,43.7147691971,98463
2019-10-02 12:30:00,43.8094719033,43.8662935271,43.6768881146,43.7621205502,56853
2019-10-02 12:15:00,44.008347586400006,44.04622866890001,43.7621205502,43.8000016327,66888
2019-10-02 12:00:00,44.027288127700004,44.0746394808,43.8473529858,44.0080634783,110295
2019-10-02 11:45:00,44.0888448867,44.1598719164,43.932585421499994,44.027288127700004,107658
2019-10-02 11:30:00,44.330336787600004,44.396628682,44.008347586400006,44.08410975140001,193482
2019-10-02 11:15:00,44.6523259888,44.8322611307,44.216693540200005,44.3350719229,209566
2019-10-02 11:00:00,44.7659692363,44.83320815770001,44.6381205829,44.671266530100006,85635
2019-10-02 10:45:00,44.8417314013,44.88908275439999,44.7186178832,44.76123410100001,77477
2019-10-02 10:30:00,44.85120167189999,45.201601685,44.8038503188,44.898553025,250275
2019-10-02 10:15:00,44.7943800482,44.983785460600004,44.623915177,44.8417314013,148344
2019-10-02 10:00:00,45.0879584375,45.1116341141,44.623915177,44.7943800482,218318
2019-10-02 09:45:00,46.034985499799994,46.101277394200004,44.97431519,45.097428708100004,212847
2019-10-02 08:15:00,46.1674745858,46.1674745858,46.1674745858,46.1674745858,600
2019-10-02 07:45:00,46.0255152292,46.0255152292,46.0255152292,46.0255152292,2000
2019-10-02 07:15:00,46.167569288500005,46.167569288500005,46.167569288500005,46.167569288500005,1000
2019-10-01 16:15:00,46.4043260541,46.4043260541,46.4043260541,46.4043260541,72927
2019-10-01 16:00:00,46.4990287604,46.6126720078,46.3853855129,46.394855783500006,291263
2019-10-01 15:45:00,46.5274395722,46.5558503841,46.375915242299996,46.4990287604,102360
2019-10-01 15:30:00,46.4564125426,46.5653206547,46.4232665954,46.54259200520001,85269
2019-10-01 15:15:00,46.5937314666,46.6174071432,46.4564125426,46.4611476779,74085
2019-10-01 15:00:00,46.62214227850001,46.7452557966,46.5747909253,46.5937314666,68794
2019-10-01 14:45:00,46.660023361,46.7168449847,46.6126720078,46.62214227850001,96751
2019-10-01 14:30:00,46.7736666084,46.792607149700004,46.6126720078,46.660023361,205926
2019-10-01 14:15:00,46.7357855259,46.8967801265,46.5937314666,46.7736666084,203897
2019-10-01 14:00:00,46.858899044,47.0198936446,46.7073747141,46.726315255299994,264028
2019-10-01 13:45:00,46.62214227850001,46.8873098559,46.5937314666,46.8873098559,59928
2019-10-01 13:30:00,46.6456285496,46.706427687,46.5653206547,46.6079368725,35567
2019-10-01 13:15:00,46.754726067200004,46.7736666084,46.5937314666,46.6316125491,33436
2019-10-01 13:00:00,46.792607149700004,46.839958502799995,46.754726067200004,46.764196337799994,22775
2019-10-01 12:45:00,46.726315255299994,46.839674394700005,46.6789639022,46.8087066097,35483
2019-10-01 12:30:00,46.7357855259,46.9111749379,46.726315255299994,46.7357855259,129633
2019-10-01 12:15:00,46.8494287734,46.8494287734,46.726315255299994,46.749990931899994,30784
2019-10-01 12:00:00,47.010423374,47.0483044565,46.8210179616,46.868369314700004,68044
2019-10-01 11:45:00,46.8509440167,47.1240666215,46.8494287734,47.010423374,121295
2019-10-01 11:30:00,46.6410828197,46.906250397200004,46.6126720078,46.8497128815,98616
2019-10-01 11:15:00,46.58426119600001,46.7831368791,46.5747909253,46.6316125491,54249
2019-10-01 11:00:00,46.8115476909,46.858899044,46.57005579,46.5972354667,65939
2019-10-01 10:45:00,46.792607149700004,46.8967801265,46.6410828197,46.792607149700004,89985
2019-10-01 10:30:00,46.815998718100005,47.067244997799996,46.7073747141,46.8115476909,99881
2019-10-01 10:15:00,47.57863961140001,47.720693670799996,46.802077420299995,46.802077420299995,199733
2019-10-01 10:00:00,47.3702936577,47.786985565100004,47.2945314927,47.57863961140001,111528
2019-10-01 09:45:00,47.4365855521,47.862747730100004,47.27559095149999,47.3608233871,279966
2019-10-01 09:30:00,47.3324125752,47.3324125752,47.3324125752,47.3324125752,677
2019-10-01 08:30:00,47.029363915299996,47.029363915299996,47.029363915299996,47.029363915299996,2989
2019-09-30 19:30:00,47.0483044565,47.0483044565,47.0483044565,47.0483044565,774
2019-09-30 18:15:00,47.067244997799996,47.067244997799996,47.067244997799996,47.067244997799996,1500
2019-09-30 17:30:00,47.0671502951,47.0671502951,47.0671502951,47.0671502951,413
2019-09-30 16:45:00,47.029363915299996,47.029363915299996,47.029363915299996,47.029363915299996,557
2019-09-30 16:15:00,47.029363915299996,47.029363915299996,47.029363915299996,47.029363915299996,59684
2019-09-30 16:00:00,47.0483044565,47.1524774334,46.991482832799996,47.029363915299996,269077
2019-09-30 15:45:00,47.029363915299996,47.1335368921,47.016105536400005,47.0530395918,86974
2019-09-30 15:30:00,47.1524774334,47.161947704,47.010423374,47.0388341859,73867
2019-09-30 15:15:00,47.1145963509,47.161947704,47.0388341859,47.147742298100006,69249
2019-09-30 15:00:00,47.161947704,47.1998287865,47.105126080299996,47.105126080299996,52640
2019-09-30 14:45:00,46.991482832799996,47.2187693277,46.958336885600005,47.1714179746,73339
2019-09-30 14:30:00,46.877839585299995,47.010423374,46.877839585299995,46.982012562200005,44518
2019-09-30 14:15:00,46.8115476909,46.8967801265,46.7831368791,46.8873098559,61090
2019-09-30 14:00:00,46.726315255299994,46.877839585299995,46.7168449847,46.802077420299995,42954
2019-09-30 13:45:00,46.731050390600004,46.7831368791,46.660023361,46.72158012,34418
2019-09-30 13:30:00,46.7831368791,46.8210179616,46.688434172799994,46.7452557966,41308
2019-09-30 13:15:00,46.6789639022,46.906250397200004,46.6789639022,46.792607149700004,42439
2019-09-30 13:00:00,46.58426119600001,46.754726067200004,46.5558503841,46.681520875299995,46913
2019-09-30 12:45:00,46.6789639022,46.6789639022,46.5558503841,46.58426119600001,41355
2019-09-30 12:30:00,46.5978983857,46.72158012,46.58426119600001,46.6789639022,34026
2019-09-30 12:15:00,46.7405206613,46.7831368791,46.5747909253,46.600928872299995,43314
2019-09-30 12:00:00,46.8115476909,46.8115476909,46.6836990375,46.7357855259,45848
2019-09-30 11:45:00,46.7831368791,46.8494287734,46.754726067200004,46.792607149700004,35950
2019-09-30 11:30:00,46.7996151499,46.877839585299995,46.7736666084,46.7831368791,42599
2019-09-30 11:15:00,46.991482832799996,47.0009531034,46.7831368791,46.804160879799994,83365
2019-09-30 11:00:00,46.8873098559,47.0577747271,46.8873098559,46.9630720209,36119
2019-09-30 10:45:00,47.2566504102,47.3229423046,46.8967801265,46.8967801265,58457
2019-09-30 10:30:00,47.1774789478,47.27559095149999,47.095655809600004,47.2471801396,27358
2019-09-30 10:15:00,47.0483044565,47.1808882452,46.7831368791,47.1524774334,322896
2019-09-30 10:00:00,47.4460558227,47.57863961140001,47.010423374,47.029363915299996,74253
2019-09-30 09:45:00,47.2282395984,47.7775152945,47.2282395984,47.427115281400006,103662
2019-09-30 09:30:00,47.1998287865,47.1998287865,47.1998287865,47.1998287865,400
2019-09-30 09:00:00,46.4232665954,46.5937314666,46.4232665954,46.5937314666,200
2019-09-27 16:30:00,47.010423374,47.010423374,47.010423374,47.010423374,2939
2019-09-27 16:15:00,47.010423374,47.010423374,47.010423374,47.010423374,13862
2019-09-27 16:00:00,46.9725422915,47.0388341859,46.915720667799995,47.010423374,166661
2019-09-27 15:45:00,46.8873098559,47.010423374,46.882574720600005,46.9630720209,70066
2019-09-27 15:30:00,46.8541639087,46.982012562200005,46.8494287734,46.891571477700005,97006
2019-09-27 15:15:00,46.792607149700004,46.8873098559,46.792607149700004,46.8541639087,55714
2019-09-27 15:00:00,46.7357855259,46.792607149700004,46.6505530903,46.792607149700004,70152
2019-09-27 14:45:00,46.906250397200004,46.915720667799995,46.688434172799994,46.7357855259,58609
2019-09-27 14:30:00,46.991482832799996,47.029363915299996,46.868369314700004,46.901515261899995,47077
2019-09-27 14:15:00,46.944131479700005,47.0009531034,46.877839585299995,47.0009531034,45053
2019-09-27 14:00:00,46.8873098559,46.934661209,46.7452557966,46.934661209,40052
2019-09-27 13:45:00,46.9251909384,47.0151585093,46.858899044,46.9251909384,37297
2019-09-27 13:30:00,46.858899044,46.929926073699995,46.792607149700004,46.9251909384,39599
2019-09-27 13:15:00,46.6979044435,46.839958502799995,46.6126720078,46.830488232200004,48961
2019-09-27 13:00:00,46.882574720600005,46.8967801265,46.6931693081,46.7073747141,44326
2019-09-27 12:45:00,46.8967801265,47.0009531034,46.830488232200004,46.8967801265,55130
2019-09-27 12:30:00,46.982012562200005,46.991482832799996,46.792607149700004,46.906250397200004,35691
2019-09-27 12:15:00,47.010423374,47.0198936446,46.8967801265,46.982012562200005,51181
2019-09-27 12:00:00,46.830488232200004,47.067244997799996,46.8210179616,46.991482832799996,50032
2019-09-27 11:45:00,47.3229423046,47.4176450108,46.6979044435,46.8115476909,179402
2019-09-27 11:30:00,47.3040017633,47.3608233871,47.2187693277,47.3229423046,44695
2019-09-27 11:15:00,47.1808882452,47.3229423046,47.1288017568,47.2945314927,81036
2019-09-27 11:00:00,47.223504463000005,47.2282395984,47.0198936446,47.1761531099,83527
2019-09-27 10:45:00,47.1998287865,47.2661206809,47.095655809600004,47.223504463000005,74769
2019-09-27 10:30:00,46.8920449912,47.1903585159,46.877839585299995,47.185623380600006,79228
2019-09-27 10:15:00,47.010423374,47.161947704,46.764196337799994,46.915720667799995,89889
2019-09-27 10:00:00,47.3560882518,47.4176450108,46.877839585299995,47.0009531034,97829
2019-09-27 09:45:00,46.8115476909,47.3608233871,46.7736666084,47.3560882518,136114
2019-09-27 09:30:00,46.8873098559,46.8873098559,46.8873098559,46.8873098559,100
2019-09-26 17:30:00,46.6316125491,46.6316125491,46.6316125491,46.6316125491,100
2019-09-26 16:15:00,46.5653206547,46.5653206547,46.5653206547,46.5653206547,22804
2019-09-26 16:00:00,46.6316125491,46.6694936316,46.5558503841,46.5937314666,253950
2019-09-26 15:45:00,46.6410828197,46.7073747141,46.54638011350001,46.6316125491,72863
2019-09-26 15:30:00,46.5274395722,46.731050390600004,46.4990287604,46.6268774138,58428
2019-09-26 15:15:00,46.470617948500006,46.54638011350001,46.470617948500006,46.5179693016,51494
2019-09-26 15:00:00,46.470617948500006,46.5179693016,46.432736866000006,46.4658828132,42260
2019-09-26 14:45:00,46.4800882191,46.4990287604,46.413796324799996,46.4611476779,30867
2019-09-26 14:30:00,46.546474816199996,46.6126720078,46.4895584897,46.5037638957,38588
2019-09-26 14:15:00,46.4658828132,46.62214227850001,46.4516774072,46.5369098429,80490
2019-09-26 14:00:00,46.4516774072,46.4800882191,46.356974701000006,46.4611476779,35834
2019-09-26 13:45:00,46.2480665888,46.470617948500006,46.243331453500005,46.4516774072,43491
2019-09-26 13:30:00,46.3853855129,46.394855783500006,46.2149206417,46.262271994799995,37146
2019-09-26 13:15:00,46.5274395722,46.5369098429,46.356974701000006,46.4043260541,45709
2019-09-26 13:00:00,46.6585081177,46.688434172799994,46.4990287604,46.5179693016,29249
2019-09-26 12:45:00,46.7357855259,46.7736666084,46.660023361,46.668830712600005,35810
2019-09-26 12:30:00,46.58426119600001,46.764196337799994,46.50849903100001,46.726315255299994,57816
2019-09-26 12:15:00,46.50849903100001,46.6694936316,46.45982184,46.57005579,27622
2019-09-26 12:00:00,46.58426119600001,46.5937314666,46.4515827045,46.5037638957,29804
2019-09-26 11:45:00,46.4800882191,46.6032017372,46.413796324799996,46.5937314666,60857
2019-09-26 11:30:00,46.7357855259,46.792607149700004,46.4232665954,46.470617948500006,66336
2019-09-26 11:15:00,46.6789639022,46.749990931899994,46.5179693016,46.7357855259,63153
2019-09-26 11:00:00,46.6552882256,46.7831368791,46.6032017372,46.688434172799994,49350
2019-09-26 10:45:00,46.5747909253,46.6694936316,46.5179693016,46.6505530903,57752
2019-09-26 10:30:00,46.7736666084,46.792607149700004,46.4516774072,46.5653206547,67791
2019-09-26 10:15:00,46.688434172799994,46.9630720209,46.688434172799994,46.764196337799994,79400
2019-09-26 10:00:00,46.5653206547,46.7168449847,46.5369098429,46.6789639022,39761
2019-09-26 09:45:00,47.010423374,47.237709869,46.5179693016,46.54638011350001,113695
2019-09-25 19:45:00,47.1430071627,47.1430071627,47.1430071627,47.1430071627,100
2019-09-25 17:45:00,47.1430071627,47.1430071627,47.1430071627,47.1430071627,653
2019-09-25 16:15:00,47.1430071627,47.1430071627,47.1430071627,47.1430071627,22426
2019-09-25 16:00:00,47.1430071627,47.1903585159,47.086185539,47.1335368921,197089
2019-09-25 15:45:00,47.1335368921,47.2424450043,47.1240666215,47.1430071627,66080
2019-09-25 15:30:00,47.0767152684,47.1714179746,47.0388341859,47.1249189459,49001
2019-09-25 15:15:00,47.2092990571,47.2187693277,47.0577747271,47.067244997799996,59821
2019-09-25 15:00:00,47.2282395984,47.2566504102,47.1998287865,47.2280501929,35644
2019-09-25 14:45:00,47.2092990571,47.2897963574,47.1903585159,47.2092990571,75905
2019-09-25 14:30:00,47.1714179746,47.2850612221,47.1288017568,47.2187693277,67267
2019-09-25 14:15:00,47.1335368921,47.2187693277,47.1145963509,47.1808882452,67194
2019-09-25 14:00:00,47.010423374,47.1240666215,47.010423374,47.1240666215,41110
2019-09-25 13:45:00,46.8115476909,47.0198936446,46.8115476909,46.9980173195,41955
2019-09-25 13:30:00,46.8210179616,46.858899044,46.754726067200004,46.802077420299995,31094
2019-09-25 13:15:00,46.839958502799995,46.915720667799995,46.8115476909,46.8494287734,23577
2019-09-25 13:00:00,46.8967801265,46.915720667799995,46.8087066097,46.830488232200004,24631
2019-09-25 12:45:00,46.9393963443,46.9725422915,46.8873098559,46.9109855325,26433
2019-09-25 12:30:00,46.991482832799996,47.067244997799996,46.920455803100005,46.9453626148,28245
2019-09-25 12:15:00,46.953601750299995,47.0198936446,46.868369314700004,46.9867476975,67614
2019-09-25 12:00:00,47.095655809600004,47.1335368921,46.8115476909,46.9630720209,37185
2019-09-25 11:45:00,47.2850612221,47.2850612221,47.0483044565,47.067244997799996,42955
2019-09-25 11:30:00,47.4081747402,47.521817987700004,47.2945314927,47.2945314927,124531
2019-09-25 11:15:00,47.0767152684,47.464996363900006,47.0198936446,47.427115281400006,103568
2019-09-25 11:00:00,46.792607149700004,47.0483044565,46.764196337799994,47.0483044565,48113
2019-09-25 10:45:00,46.6126720078,46.9630720209,46.6126720078,46.792607149700004,37566
2019-09-25 10:30:00,46.7073747141,46.877839585299995,46.4895584897,46.5937314666,40414
2019-09-25 10:15:00,46.6505530903,46.906250397200004,46.50849903100001,46.6694936316,40971
2019-09-25 10:00:00,47.0198936446,47.2471801396,46.62214227850001,46.660023361,47490
2019-09-25 09:45:00,46.5747909253,47.3987044696,46.5747909253,46.991482832799996,182031
2019-09-24 19:15:00,46.5747909253,46.5747909253,46.5747909253,46.5747909253,200
2019-09-24 16:15:00,46.5747909253,46.5747909253,46.5747909253,46.5747909253,45443
2019-09-24 16:00:00,46.3853855129,46.6126720078,46.375915242299996,46.58426119600001,220950
2019-09-24 15:45:00,46.5369098429,46.5369098429,46.356974701000006,46.390120648199996,77273
2019-09-24 15:30:00,46.6979044435,46.7168449847,46.4516774072,46.54638011350001,63088
2019-09-24 15:15:00,46.3853855129,46.6979044435,46.3853855129,46.688434172799994,65127
2019-09-24 15:00:00,46.3475044304,46.4800882191,46.319093618500006,46.380650377600006,42844
2019-09-24 14:45:00,46.4043260541,46.5179693016,46.319093618500006,46.352239565699996,41037
2019-09-24 14:30:00,46.319093618500006,46.5203368693,46.205450371000005,46.413796324799996,43305
2019-09-24 14:15:00,46.1959801004,47.2471801396,45.9876341467,46.3096233479,67290
2019-09-24 14:00:00,46.267007130100005,46.413796324799996,46.148628747299995,46.186509829799995,91547
2019-09-24 13:45:00,46.0539260411,46.2906828067,46.0539260411,46.2717422654,39562
2019-09-24 13:30:00,46.224390912299995,46.2338611829,46.0539260411,46.0539260411,36118
2019-09-24 13:15:00,46.177039559200004,46.276477400699996,46.148439341899994,46.1959801004,66354
2019-09-24 13:00:00,46.281212536000005,46.4043260541,46.139158476700004,46.177039559200004,39580
2019-09-24 12:45:00,46.4895584897,46.5274395722,46.224390912299995,46.2717422654,40529
2019-09-24 12:30:00,46.5369098429,46.54638011350001,46.328563889099996,46.4800882191,46178
2019-09-24 12:15:00,46.726315255299994,46.7831368791,46.4990287604,46.5369098429,65714
2019-09-24 12:00:00,46.4611476779,46.7357855259,46.4611476779,46.7357855259,37449
2019-09-24 11:45:00,46.7073747141,46.7357855259,46.413796324799996,46.4519615154,88725
2019-09-24 11:30:00,46.4422071366,46.7831368791,46.4422071366,46.6979044435,78891
2019-09-24 11:15:00,46.5369098429,46.575075033500006,46.4232665954,46.432736866000006,65660
2019-09-24 11:00:00,46.839958502799995,46.8494287734,46.54638011350001,46.5653206547,56715
2019-09-24 10:45:00,46.802077420299995,46.958336885600005,46.688434172799994,46.858899044,100446
2019-09-24 10:30:00,46.726315255299994,46.8873098559,46.5369098429,46.787872014399994,149560
2019-09-24 10:15:00,47.2040904083,47.35135311649999,46.6931693081,46.7168449847,191586
2019-09-24 10:00:00,47.521817987700004,47.526553123,47.1903585159,47.2140341924,153940
2019-09-24 09:45:00,47.0767152684,47.4934071758,46.6694936316,47.4934071758,199679
2019-09-24 09:30:00,46.7736666084,47.0577747271,46.7736666084,47.0577747271,1725
2019-09-24 07:45:00,46.688434172799994,46.688434172799994,46.688434172799994,46.688434172799994,100
2019-09-23 16:45:00,46.432736866000006,46.432736866000006,46.432736866000006,46.432736866000006,548
2019-09-23 16:15:00,46.432736866000006,46.432736866000006,46.432736866000006,46.432736866000006,104189
2019-09-23 16:00:00,46.4611476779,46.5321747075,46.4232665954,46.4232665954,277505
2019-09-23 15:45:00,46.394855783500006,46.470617948500006,46.380650377600006,46.4611476779,95257
2019-09-23 15:30:00,46.328563889099996,46.413796324799996,46.300153077299996,46.394855783500006,66019
2019-09-23 15:15:00,46.342769295100005,46.4043260541,46.319093618500006,46.328563889099996,49598
2019-09-23 15:00:00,46.413796324799996,46.413796324799996,46.3096233479,46.338034159799996,52485
2019-09-23 14:45:00,46.3422010788,46.4043260541,46.2338611829,46.4043260541,77036
2019-09-23 14:30:00,46.3475044304,46.356974701000006,46.2717422654,46.338034159799996,33618
2019-09-23 14:15:00,46.2717422654,46.338034159799996,46.224390912299995,46.328563889099996,41371
2019-09-23 14:00:00,46.1296882061,46.300153077299996,46.1296882061,46.2528017242,31202
2019-09-23 13:45:00,46.1580990179,46.186509829799995,46.110747664799995,46.139158476700004,29463
2019-09-23 13:30:00,46.300153077299996,46.338034159799996,46.1580990179,46.1580990179,27813
2019-09-23 13:15:00,46.167569288500005,46.3475044304,46.1202179354,46.2859476713,48614
2019-09-23 13:00:00,46.1959801004,46.1959801004,46.115482800100004,46.1580990179,42019
2019-09-23 12:45:00,46.271079346499995,46.296364968999995,46.167569288500005,46.167569288500005,39056
2019-09-23 12:30:00,46.2149206417,46.281212536000005,46.148628747299995,46.2717422654,41080
2019-09-23 12:15:00,46.328563889099996,46.338034159799996,46.186509829799995,46.2149206417,48996
2019-09-23 12:00:00,46.328563889099996,46.4043260541,46.243331453500005,46.338034159799996,40731
2019-09-23 11:45:00,46.3973180539,46.4990287604,46.3096233479,46.3096233479,47933
2019-09-23 11:30:00,46.338034159799996,46.4516774072,46.338034159799996,46.375915242299996,69228
2019-09-23 11:15:00,46.1959801004,46.356974701000006,46.101277394200004,46.300153077299996,75450
2019-09-23 11:00:00,46.328563889099996,46.3664449716,46.2101855064,46.2101855064,56939
2019-09-23 10:45:00,46.167569288500005,46.352239565699996,46.0823368529,46.314358483199996,88722
2019-09-23 10:30:00,45.997104417299994,46.262271994799995,45.9402827936,46.1580990179,111067
2019-09-23 10:15:00,46.459158921000004,46.6032017372,45.9781638761,45.997104417299994,120498
2019-09-23 10:00:00,46.54638011350001,46.6410828197,46.4043260541,46.4682503808,72558
2019-09-23 09:45:00,46.1296882061,46.58426119600001,45.6467044043,46.5179693016,268667
2019-09-23 09:30:00,45.948048415500004,45.948048415500004,45.948048415500004,45.948048415500004,100
2019-09-20 19:45:00,46.356974701000006,46.356974701000006,46.356974701000006,46.356974701000006,100
2019-09-20 16:30:00,46.4305587038,46.4305587038,46.4232665954,46.4232665954,74384
2019-09-20 16:15:00,46.4232665954,46.4232665954,46.4232665954,46.4232665954,131112
2019-09-20 16:00:00,46.342769295100005,46.470617948500006,46.2717422654,46.4232665954,317676
2019-09-20 15:45:00,46.2528017242,46.413796324799996,46.2338611829,46.342769295100005,105937
2019-09-20 15:30:00,46.314358483199996,46.3332990245,46.229126047600005,46.2338611829,85335
2019-09-20 15:15:00,46.432736866000006,46.4990287604,46.300153077299996,46.300153077299996,70025
2019-09-20 15:00:00,46.5274395722,46.62214227850001,46.413796324799996,46.413796324799996,175830
2019-09-20 14:45:00,46.4990287604,46.6032017372,46.4516774072,46.5274395722,146459
2019-09-20 14:30:00,46.4232665954,46.526871356,46.3853855129,46.4990287604,75138
2019-09-20 14:15:00,46.5369098429,46.5937314666,46.3853855129,46.4199520007,75596
2019-09-20 14:00:00,46.5937314666,46.6505530903,46.375915242299996,46.4990287604,82067
2019-09-20 13:45:00,46.6836990375,46.839958502799995,46.5937314666,46.6044328724,66205
2019-09-20 13:30:00,47.029363915299996,47.0635515922,46.6410828197,46.6789639022,98988
2019-09-20 13:15:00,47.4555260933,47.4555260933,47.0388341859,47.0388341859,62870
2019-09-20 13:00:00,47.4555260933,47.5691693408,47.427115281400006,47.4555260933,78339
2019-09-20 12:45:00,47.2471801396,47.4555260933,47.2092990571,47.4555260933,57238
2019-09-20 12:30:00,47.2187693277,47.2708558162,47.1998287865,47.2566504102,67937
2019-09-20 12:15:00,47.2282395984,47.27559095149999,47.067244997799996,47.2187693277,66285
2019-09-20 12:00:00,47.1524774334,47.2471801396,47.1145963509,47.223504463000005,54143
2019-09-20 11:45:00,46.915720667799995,47.1903585159,46.915720667799995,47.1335368921,53468
2019-09-20 11:30:00,47.0483044565,47.0483044565,46.7831368791,46.903409316,71455
2019-09-20 11:15:00,47.0805033766,47.2282395984,47.0577747271,47.067244997799996,53290
2019-09-20 11:00:00,47.086185539,47.1560761362,46.991482832799996,47.0767152684,51867
2019-09-20 10:45:00,47.0388341859,47.2471801396,47.029363915299996,47.095655809600004,103382
2019-09-20 10:30:00,46.9251909384,47.1335368921,46.8967801265,47.0388341859,66848
2019-09-20 10:15:00,46.839958502799995,47.0483044565,46.8210179616,46.906250397200004,101337
2019-09-20 10:00:00,46.792607149700004,46.8967801265,46.58426119600001,46.839958502799995,86374
2019-09-20 09:45:00,46.413796324799996,46.868369314700004,46.356974701000006,46.7736666084,431751
2019-09-19 18:00:00,46.224390912299995,46.224390912299995,46.224390912299995,46.224390912299995,500
2019-09-19 16:15:00,46.2149206417,46.2149206417,46.2149206417,46.2149206417,52084
2019-09-19 16:00:00,46.3096233479,46.3096233479,46.186509829799995,46.2149206417,347466
2019-09-19 15:45:00,46.300153077299996,46.328563889099996,46.2528017242,46.3096233479,100780
2019-09-19 15:30:00,46.304888212600005,46.352239565699996,46.224390912299995,46.300153077299996,95686
2019-09-19 15:15:00,46.238596318199995,46.3664449716,46.219655777,46.3096233479,88962
2019-09-19 15:00:00,46.223443885200005,46.2906828067,46.186509829799995,46.243331453500005,69251
2019-09-19 14:45:00,46.319093618500006,46.3475044304,46.205450371000005,46.2149206417,79148
2019-09-19 14:30:00,46.4185314601,46.4185314601,46.2859476713,46.319093618500006,58959
2019-09-19 14:15:00,46.4658828132,46.5179693016,46.338034159799996,46.413796324799996,140624
2019-09-19 14:00:00,46.5321747075,46.58426119600001,46.4469422719,46.4658828132,53989
2019-09-19 13:45:00,46.5274395722,46.5653206547,46.470617948500006,46.5274395722,64657
2019-09-19 13:30:00,46.6160813053,46.6789639022,46.5179693016,46.5312276805,52485
2019-09-19 13:15:00,46.573275682100004,46.688434172799994,46.5666464926,46.62214227850001,51945
2019-09-19 13:00:00,46.72158012,46.726315255299994,46.5653206547,46.5747909253,62288
2019-09-19 12:45:00,46.62214227850001,46.877839585299995,46.6126720078,46.726315255299994,67767
2019-09-19 12:30:00,46.8494287734,46.8494287734,46.6032017372,46.62214227850001,50368
2019-09-19 12:15:00,46.72158012,46.915720667799995,46.688434172799994,46.8504705032,52991
2019-09-19 12:00:00,46.6410828197,46.7831368791,46.5558503841,46.72158012,70079
2019-09-19 11:45:00,46.9630720209,47.0483044565,46.59846660189999,46.6410828197,127557
2019-09-19 11:30:00,46.944131479700005,47.029363915299996,46.915720667799995,46.982012562200005,93495
2019-09-19 11:15:00,47.056354186499995,47.056354186499995,46.8873098559,46.944131479700005,223983
2019-09-19 11:00:00,46.910890829799996,47.0909206743,46.910890829799996,47.0577747271,150098
2019-09-19 10:45:00,46.877839585299995,47.0483044565,46.8541639087,46.8873098559,56674
2019-09-19 10:30:00,47.12785472979999,47.1714179746,46.8494287734,46.8873098559,61731
2019-09-19 10:15:00,47.161947704,47.2661206809,47.0767152684,47.1335368921,59769
2019-09-19 10:00:00,47.1240666215,47.2424450043,47.0009531034,47.1430071627,92724
2019-09-19 09:45:00,47.6544017764,47.8532774595,47.0198936446,47.095655809600004,118632
2019-09-19 09:30:00,47.635461235200005,47.635461235200005,47.635461235200005,47.635461235200005,700
2019-09-19 08:30:00,47.2850612221,47.2850612221,47.2850612221,47.2850612221,100
2019-09-19 08:15:00,47.2566504102,47.2850612221,47.2566504102,47.2850612221,503
2019-09-19 08:00:00,47.27559095149999,47.27559095149999,47.27559095149999,47.27559095149999,300
2019-09-19 07:30:00,47.2566504102,47.2566504102,47.2566504102,47.2566504102,785
2019-09-19 07:15:00,47.2566504102,47.2566504102,47.2566504102,47.2566504102,100
2019-09-18 19:30:00,47.6259909645,47.6259909645,47.6259909645,47.6259909645,124
2019-09-18 16:45:00,47.4365855521,47.4365855521,47.4365855521,47.4365855521,4364
2019-09-18 16:15:00,47.4365855521,47.4365855521,47.4365855521,47.4365855521,41659
2019-09-18 16:00:00,47.2566504102,47.4365855521,47.1950936512,47.4176450108,264881
2019-09-18 15:45:00,47.1145963509,47.2661206809,47.105126080299996,47.2471801396,141732
2019-09-18 15:30:00,47.0198936446,47.1430071627,46.982012562200005,47.1145963509,137420
2019-09-18 15:15:00,46.953601750299995,47.0577747271,46.9109855325,47.010423374,135783
2019-09-18 15:00:00,46.991482832799996,47.0198936446,46.906250397200004,46.944131479700005,106840
2019-09-18 14:45:00,47.1145963509,47.1335368921,46.915720667799995,47.0009531034,82031
2019-09-18 14:30:00,47.067244997799996,47.2850612221,47.0483044565,47.1335368921,68150
2019-09-18 14:15:00,47.1240666215,47.299266628000005,46.991482832799996,47.0483044565,87283
2019-09-18 14:00:00,47.043569321199996,47.161947704,46.982012562200005,47.105126080299996,49590
2019-09-18 13:45:00,47.2708558162,47.2945314927,46.8873098559,47.0483044565,134807
2019-09-18 13:30:00,47.3418828458,47.4176450108,47.261385545500005,47.261385545500005,40524
2019-09-18 13:15:00,47.427115281400006,47.483936905200004,47.3418828458,47.34964846770001,52496
2019-09-18 13:00:00,47.427115281400006,47.50098339229999,47.4081747402,47.427115281400006,42786
2019-09-18 12:45:00,47.57863961140001,47.57863961140001,47.31347203399999,47.427115281400006,50519
2019-09-18 12:30:00,47.588109882,47.6259909645,47.5123477171,47.5691693408,39091
2019-09-18 12:15:00,47.559699070200004,47.6922828589,47.54075852890001,47.597580152700004,46007
2019-09-18 12:00:00,47.427115281400006,47.5691693408,47.4081747402,47.5502287995,62740
2019-09-18 11:45:00,47.4555260933,47.4555260933,47.3229423046,47.4223801461,52294
2019-09-18 11:30:00,47.4555260933,47.6165206939,47.4081747402,47.4460558227,69397
2019-09-18 11:15:00,47.356656468000004,47.4460558227,47.2945314927,47.4460558227,96098
2019-09-18 11:00:00,47.720693670799996,47.7491044826,47.31347203399999,47.3608233871,100508
2019-09-18 10:45:00,47.66860718229999,47.815396377,47.521817987700004,47.739634212,79598
2019-09-18 10:30:00,47.4744666346,47.6828125883,47.2282395984,47.67902448,130586
2019-09-18 10:15:00,47.5691693408,47.6496666411,47.4002197129,47.4744666346,131912
2019-09-18 10:00:00,48.1184450369,48.1184450369,47.5691693408,47.5691693408,117409
2019-09-18 09:45:00,48.26996936689999,48.5256666737,48.1089747663,48.1184450369,110364
2019-09-18 07:15:00,48.1184450369,48.1184450369,48.1184450369,48.1184450369,500
2019-09-17 18:45:00,48.052153142600005,48.061623413199996,48.052153142600005,48.061623413199996,300
2019-09-17 18:30:00,48.052153142600005,48.052153142600005,48.052153142600005,48.052153142600005,300
2019-09-17 17:45:00,47.966920707,47.966920707,47.966920707,47.966920707,1000
2019-09-17 17:00:00,48.014272060100005,48.052153142600005,48.014272060100005,48.052153142600005,1500
2019-09-17 16:30:00,47.9953315188,47.9953315188,47.9953315188,47.9953315188,161
2019-09-17 16:15:00,48.1184450369,48.2889099082,48.1184450369,48.2889099082,46119
2019-09-17 16:00:00,48.037947736599996,48.1184450369,47.8816882714,48.099504495699996,702933
2019-09-17 15:45:00,48.2462936904,48.31732072,48.037947736599996,48.042682872,219320
2019-09-17 15:30:00,48.3599369378,48.3788774791,48.23208828439999,48.241558555,183065
2019-09-17 15:15:00,48.421493696899994,48.478315320600004,48.3504666672,48.3599369378,90007
2019-09-17 15:00:00,48.4641099147,48.478315320600004,48.38361261439999,48.4120234263,63920
2019-09-17 14:45:00,48.5682828916,48.591958568100004,48.421493696899994,48.4641099147,89778
2019-09-17 14:30:00,48.5635477562,48.648780191899995,48.550952296300004,48.573018026899994,48598
2019-09-17 14:15:00,48.667720733100005,48.752953168699996,48.4877855913,48.557865593900004,95694
2019-09-17 14:00:00,48.62036938,48.7051283021,48.5357051606,48.6582504625,52395
2019-09-17 13:45:00,48.7340126275,48.781363980600005,48.6014288387,48.614592514899996,78414
2019-09-17 13:30:00,48.6582504625,48.790834251199996,48.6014288387,48.738747762799996,74872
2019-09-17 13:15:00,48.648780191899995,48.828715333699996,48.6113726229,48.648780191899995,72034
2019-09-17 13:00:00,48.549342350299995,48.696131545,48.4499045088,48.6582504625,71928
2019-09-17 12:45:00,48.497255861899994,48.610899109399995,48.4120234263,48.554077485600004,53771
2019-09-17 12:30:00,48.4309639675,48.573018026899994,48.421493696899994,48.4877855913,87940
2019-09-17 12:15:00,48.4877855913,48.5256666737,48.3552018025,48.421493696899994,90644
2019-09-17 12:00:00,48.554077485600004,48.554077485600004,48.4025531556,48.478315320600004,66021
2019-09-17 11:45:00,48.497255861899994,48.591958568100004,48.4404342381,48.573018026899994,78200
2019-09-17 11:30:00,48.3646720732,48.519984511400004,48.3552018025,48.497255861899994,77580
2019-09-17 11:15:00,48.4404342381,48.5067261325,48.3504666672,48.3552018025,108283
2019-09-17 11:00:00,48.4404342381,48.715072086199996,48.4309639675,48.4309639675,103235
2019-09-17 10:45:00,48.459374779399994,48.5472588908,48.393082885,48.4499045088,87273
2019-09-17 10:30:00,48.4025531556,48.6582504625,48.23208828439999,48.4404342381,172004
2019-09-17 10:15:00,48.5824882975,48.6582504625,48.3646720732,48.4025531556,159628
2019-09-17 10:00:00,48.62036938,48.77189371,48.3362612613,48.573018026899994,386954
2019-09-17 09:45:00,49.3590504886,49.3874613005,47.7519455638,48.591958568100004,742613
2019-09-17 09:30:00,50.0503802441,50.0503802441,49.340109947399995,49.3590504886,8044
2019-09-17 08:45:00,50.0882613266,50.0882613266,50.0882613266,50.0882613266,300
2019-09-17 08:30:00,50.3155478216,50.3155478216,50.287137009700004,50.287137009700004,10551
2019-09-16 18:45:00,50.3155478216,50.3155478216,50.3155478216,50.3155478216,210
2019-09-16 16:15:00,50.3155478216,50.3155478216,50.3155478216,50.3155478216,16395
2019-09-16 16:00:00,50.11667213850001,50.334488362799995,50.1119370031,50.3060775509,386950
2019-09-16 15:45:00,50.0219694322,50.154553221,49.9982937557,50.1119370031,167332
2019-09-16 15:30:00,49.9746180791,50.0267045675,49.8988559141,50.0219694322,131913
2019-09-16 15:15:00,49.714185637,49.97935321439999,49.699980231000005,49.97935321439999,105814
2019-09-16 15:00:00,49.6526288779,49.775742396000005,49.638423472,49.7094505017,73107
2019-09-16 14:45:00,49.6289532014,49.737861313500005,49.595807254200004,49.6526288779,84086
2019-09-16 14:30:00,49.557926171700004,49.813623478500006,49.557926171700004,49.624218066000005,67821
2019-09-16 14:15:00,49.927266726000006,49.9556775379,49.529515359799994,49.5389856304,70878
2019-09-16 14:00:00,49.8420342904,49.9935586204,49.813623478500006,49.927266726000006,53436
2019-09-16 13:45:00,50.0882613266,50.11667213850001,49.813623478500006,49.8609748316,69045
2019-09-16 13:30:00,50.1640234916,50.1640234916,50.0503802441,50.0882613266,55461
2019-09-16 13:15:00,50.11667213850001,50.2397856566,50.1024667325,50.1640234916,45315
2019-09-16 13:00:00,50.1356126797,50.1924343034,50.0977315972,50.11667213850001,44798
2019-09-16 12:45:00,50.1261424091,50.2113748447,50.07879105600001,50.11667213850001,50359
2019-09-16 12:30:00,49.9367369966,50.1450829503,49.8799153729,50.1356126797,65241
2019-09-16 12:15:00,50.0124991616,50.0882613266,49.794682937299996,49.9320018613,81642
2019-09-16 12:00:00,50.1734937622,50.1734937622,49.9935586204,50.0124991616,81196
2019-09-16 11:45:00,50.258726197799994,50.3297532275,50.11667213850001,50.1782288975,73898
2019-09-16 11:30:00,50.362899174700004,50.3818397159,50.2303153859,50.267722954899995,114349
2019-09-16 11:15:00,50.3155478216,50.353428904,50.1734937622,50.353428904,103360
2019-09-16 11:00:00,50.353428904,50.4008749599,50.1356126797,50.3060775509,107654
2019-09-16 10:45:00,50.1640234916,50.3913099865,50.11667213850001,50.353428904,130310
2019-09-16 10:30:00,49.9746180791,50.220845115299994,49.9392939697,50.1450829503,92142
2019-09-16 10:15:00,50.0693207853,50.220845115299994,49.9177964554,49.97935321439999,102928
2019-09-16 10:00:00,49.837299155100006,50.1640234916,49.7283910429,50.0977315972,103021
2019-09-16 09:45:00,49.349580218,49.9367369966,49.273818053,49.8799153729,129454
2019-09-16 09:30:00,49.198055888,49.273818053,49.198055888,49.273818053,549
2019-09-16 07:15:00,49.6715694192,49.6715694192,49.6715694192,49.6715694192,150
