time,open,high,low,close,volume
2019-01-17 17:45:00,40.4748732006,40.4748732006,40.4748732006,40.4748732006,250
2019-01-17 16:30:00,40.8607964102,40.8607964102,40.8607964102,40.8607964102,140
2019-01-17 16:15:00,40.8607964102,40.8607964102,40.8607964102,40.8607964102,56911
2019-01-17 16:00:00,40.8419708878,40.8796219326,40.7854943205,40.8607964102,304306
2019-01-17 15:45:00,40.776081559299996,40.8325581266,40.7666687981,40.827851746,118238
2019-01-17 15:30:00,40.7290177533,40.776081559299996,40.6772475666,40.776081559299996,60681
2019-01-17 15:15:00,40.6819539472,40.776081559299996,40.6678348054,40.7290177533,125955
2019-01-17 15:00:00,40.776081559299996,40.8890346938,40.672541186,40.672541186,258677
2019-01-17 14:45:00,40.6113582381,40.7949070817,40.5548816709,40.7619624175,278268
2019-01-17 14:30:00,40.6160646187,40.6537156636,40.5972390963,40.6160646187,33199
2019-01-17 14:15:00,40.6584220442,40.672541186,40.6066518575,40.6160646187,41098
2019-01-17 14:00:00,40.6443029024,40.6678348054,40.6301837606,40.6443029024,36377
2019-01-17 13:45:00,40.691366708400004,40.7054858502,40.6160646187,40.6443029024,93538
2019-01-17 13:30:00,40.5595880515,40.691366708400004,40.5595880515,40.691366708400004,81095
2019-01-17 13:15:00,40.5690008127,40.587826335100004,40.5407625291,40.5595880515,109113
2019-01-17 13:00:00,40.5690008127,40.5925327157,40.550175290300004,40.5690008127,39425
2019-01-17 12:45:00,40.587826335100004,40.5925327157,40.5266433873,40.5690008127,134747
2019-01-17 12:30:00,40.7290177533,40.7290177533,40.587826335100004,40.5925327157,271294
2019-01-17 12:15:00,40.6584220442,40.738430514499996,40.6537156636,40.7337241339,62853
2019-01-17 12:00:00,40.6537156636,40.6819539472,40.6160646187,40.6621871487,26580
2019-01-17 11:45:00,40.6066518575,40.672541186,40.6066518575,40.6573866405,39967
2019-01-17 11:30:00,40.5784135739,40.6160646187,40.550175290300004,40.6066518575,49638
2019-01-17 11:15:00,40.5972390963,40.6443029024,40.5595880515,40.587826335100004,34895
2019-01-17 11:00:00,40.672541186,40.672541186,40.5690008127,40.5925327157,36824
2019-01-17 10:45:00,40.5219370066,40.6819539472,40.5219370066,40.672541186,41325
2019-01-17 10:30:00,40.587826335100004,40.634890141199996,40.5031114842,40.5407625291,42975
2019-01-17 10:15:00,40.5219370066,40.6160646187,40.4842859618,40.5972390963,44982
2019-01-17 10:00:00,40.493698723,40.6631284248,40.493698723,40.5125242454,52225
2019-01-17 09:45:00,40.917272977399996,40.917272977399996,40.4560476782,40.477697029,166454
2019-01-16 19:15:00,41.143179246500004,41.143179246500004,41.143179246500004,41.143179246500004,100
2019-01-16 17:30:00,40.9455112611,40.9455112611,40.9455112611,40.9455112611,115
2019-01-16 16:15:00,40.7572560369,40.7572560369,40.7572560369,40.7572560369,49532
2019-01-16 16:00:00,40.776081559299996,40.8231453654,40.7101922308,40.738430514499996,446698
2019-01-16 15:45:00,40.8466772684,40.851383649,40.719604992,40.7690219884,165688
2019-01-16 15:30:00,40.7525496563,40.851383649,40.7478432757,40.8504423729,102103
2019-01-16 15:15:00,40.7666687981,40.780787939899994,40.719604992,40.7572560369,157478
2019-01-16 15:00:00,40.8937410744,40.9266857387,40.7713751787,40.776081559299996,118286
2019-01-16 14:45:00,40.8890346938,40.978455925300004,40.8796219326,40.8890346938,102540
2019-01-16 14:30:00,40.8137326041,40.9078602162,40.8090262235,40.8796219326,70859
2019-01-16 14:15:00,40.7854943205,40.8361349758,40.7666687981,40.8097792444,60874
2019-01-16 14:00:00,40.776081559299996,40.7854943205,40.7290177533,40.780787939899994,74549
2019-01-16 13:45:00,40.776081559299996,40.8231453654,40.7666687981,40.7854943205,66578
2019-01-16 13:30:00,40.7101922308,40.8043198429,40.6773416942,40.7854943205,65709
2019-01-16 13:15:00,40.7666687981,40.8607964102,40.672541186,40.719604992,161630
2019-01-16 13:00:00,40.8419708878,41.1337664853,40.7478432757,40.7572560369,443587
2019-01-16 12:45:00,40.7854943205,40.8419708878,40.7666687981,40.838770549,61297
2019-01-16 12:30:00,40.7912361049,40.7949070817,40.738430514499996,40.7854943205,57007
2019-01-16 12:15:00,40.8986357103,40.917272977399996,40.776081559299996,40.7949070817,57167
2019-01-16 12:00:00,40.9223558685,40.9223558685,40.827851746,40.898447455,84027
2019-01-16 11:45:00,40.8890346938,40.9596304029,40.8796219326,40.917272977399996,71590
2019-01-16 11:30:00,40.8560900296,40.921979358099996,40.851383649,40.8890346938,48845
2019-01-16 11:15:00,40.9455112611,40.9737495447,40.8325581266,40.8560900296,75501
2019-01-16 11:00:00,40.9643367835,40.9690431641,40.8796219326,40.9408048805,77794
2019-01-16 10:45:00,40.9455112611,40.9737495447,40.898447455,40.9690431641,69274
2019-01-16 10:30:00,41.030226112,41.0490516344,40.9266857387,40.9737495447,63241
2019-01-16 10:15:00,41.077289918000005,41.1149409628,41.0019878283,41.0208133508,57649
2019-01-16 10:00:00,41.105528201599995,41.1525920077,41.0678771568,41.0812432777,79585
2019-01-16 09:45:00,40.9643367835,41.2655451422,40.9266857387,41.105528201599995,188829
2019-01-16 09:00:00,40.9266857387,40.9266857387,40.9266857387,40.9266857387,4029
2019-01-15 16:45:00,40.9266857387,40.9266857387,40.9266857387,40.9266857387,815
2019-01-15 16:15:00,40.9266857387,40.9266857387,40.9266857387,40.9266857387,17018
2019-01-15 16:00:00,40.8796219326,40.9643367835,40.8607964102,40.9360984999,440151
2019-01-15 15:45:00,40.8560900296,40.8890346938,40.8231453654,40.8843283132,144857
2019-01-15 15:30:00,40.7902007011,40.8702091714,40.7854943205,40.851383649,94248
2019-01-15 15:15:00,40.7431368951,40.8137326041,40.7290177533,40.7854943205,119395
2019-01-15 15:00:00,40.7572560369,40.776081559299996,40.7243113727,40.7431368951,165650
2019-01-15 14:45:00,40.6819539472,40.7700573921,40.6537156636,40.7604563757,76528
2019-01-15 14:30:00,40.7666687981,40.790859594400004,40.6819539472,40.691366708400004,109066
2019-01-15 14:15:00,40.6631284248,40.7854943205,40.6537156636,40.7694926265,70317
2019-01-15 14:00:00,40.6819539472,40.719604992,40.649009283000005,40.672541186,43517
2019-01-15 13:45:00,40.7243113727,40.738430514499996,40.6819539472,40.686660327800006,49327
2019-01-15 13:30:00,40.7101922308,40.738430514499996,40.6819539472,40.7243113727,43688
2019-01-15 13:15:00,40.7290177533,40.7572560369,40.696073089,40.7101922308,34688
2019-01-15 13:00:00,40.6631284248,40.7478432757,40.649009283000005,40.719604992,44616
2019-01-15 12:45:00,40.7666687981,40.7949070817,40.6631284248,40.672541186,35851
2019-01-15 12:30:00,40.7290177533,40.7854943205,40.714898611399995,40.776081559299996,42046
2019-01-15 12:15:00,40.696073089,40.776081559299996,40.6819539472,40.738430514499996,56847
2019-01-15 12:00:00,40.6066518575,40.738430514499996,40.5972390963,40.7007794696,67139
2019-01-15 11:45:00,40.6819539472,40.6819539472,40.5972390963,40.6160646187,51126
2019-01-15 11:30:00,40.672541186,40.738430514499996,40.62547738,40.6819539472,72186
2019-01-15 11:15:00,40.7290177533,40.7713751787,40.6678348054,40.672541186,75216
2019-01-15 11:00:00,40.7007794696,40.7854943205,40.62547738,40.7290177533,110741
2019-01-15 10:45:00,40.6395965218,40.719604992,40.587826335100004,40.7101922308,76992
2019-01-15 10:30:00,40.5972390963,40.7101922308,40.5219370066,40.6443029024,125247
2019-01-15 10:15:00,40.7007794696,40.8419708878,40.5784135739,40.6066518575,103036
2019-01-15 10:00:00,40.7007794696,40.7854943205,40.6537156636,40.691366708400004,103998
2019-01-15 09:45:00,40.4089838721,40.7243113727,40.3760392079,40.691366708400004,120851
2019-01-14 16:15:00,40.3336817825,40.3336817825,40.3336817825,40.3336817825,121755
2019-01-14 16:00:00,40.3336817825,40.3619200661,40.267792454,40.324269021300005,346798
2019-01-14 15:45:00,40.291324357,40.3336817825,40.2489669316,40.3336817825,164844
2019-01-14 15:30:00,40.3195626406,40.390158349699995,40.286617976399995,40.286617976399995,118303
2019-01-14 15:15:00,40.324269021300005,40.3713328273,40.3054434988,40.31485626,100642
2019-01-14 15:00:00,40.267792454,40.3430945437,40.258379692800006,40.324269021300005,50215
2019-01-14 14:45:00,40.2066095061,40.2960307376,40.1924903643,40.267792454,92493
2019-01-14 14:30:00,40.286617976399995,40.291324357,40.1736648419,40.2113158867,80413
2019-01-14 14:15:00,40.4183966333,40.4278093946,40.286617976399995,40.286617976399995,82176
2019-01-14 14:00:00,40.4372221558,40.4984051036,40.390158349699995,40.4136902527,86830
2019-01-14 13:45:00,40.3807455885,40.4419285364,40.3760392079,40.4325157752,50920
2019-01-14 13:30:00,40.4372221558,40.4560476782,40.3713328273,40.3713328273,45315
2019-01-14 13:15:00,40.4089838721,40.4513412976,40.3807455885,40.4278093946,58546
2019-01-14 13:00:00,40.404277491500004,40.4451288752,40.390158349699995,40.4183966333,55738
2019-01-14 12:45:00,40.4221617378,40.4278093946,40.3995711109,40.404277491500004,25430
2019-01-14 12:30:00,40.3336817825,40.446634917,40.3336817825,40.4183966333,67967
2019-01-14 12:15:00,40.2772052152,40.347800924299996,40.2489669316,40.3336817825,87283
2019-01-14 12:00:00,40.306384775,40.31485626,40.2489669316,40.2772052152,46665
2019-01-14 11:45:00,40.31485626,40.3383881631,40.291324357,40.3054434988,52712
2019-01-14 11:30:00,40.3807455885,40.4089838721,40.2772052152,40.31485626,56002
2019-01-14 11:15:00,40.4278093946,40.446634917,40.3807455885,40.3873345214,43332
2019-01-14 11:00:00,40.4654604394,40.5078178648,40.4136902527,40.4278093946,81156
2019-01-14 10:45:00,40.4278093946,40.5313497679,40.4089838721,40.4654604394,72892
2019-01-14 10:30:00,40.4842859618,40.493698723,40.390158349699995,40.4278093946,66391
2019-01-14 10:15:00,40.5219370066,40.6066518575,40.446634917,40.4842859618,80302
2019-01-14 10:00:00,40.3713328273,40.5219370066,40.324269021300005,40.5219370066,74817
2019-01-14 09:45:00,40.4842859618,40.5784135739,40.286617976399995,40.3713328273,121813
2019-01-14 07:15:00,40.6631284248,40.6631284248,40.4748732006,40.4748732006,373
2019-01-11 16:45:00,40.62547738,40.62547738,40.62547738,40.62547738,198600
2019-01-11 16:15:00,40.62547738,40.62547738,40.62547738,40.62547738,46302
2019-01-11 16:00:00,40.5972390963,40.6819539472,40.5690008127,40.6160646187,252706
2019-01-11 15:45:00,40.5031114842,40.634890141199996,40.4984051036,40.5925327157,80838
2019-01-11 15:30:00,40.5407625291,40.5407625291,40.5031114842,40.5031114842,42480
2019-01-11 15:15:00,40.5407625291,40.6066518575,40.5313497679,40.5407625291,45055
2019-01-11 15:00:00,40.6390317561,40.6390317561,40.5313497679,40.5407625291,54511
2019-01-11 14:45:00,40.6301837606,40.6443029024,40.5972390963,40.6443029024,36178
2019-01-11 14:30:00,40.6537156636,40.6631284248,40.5972390963,40.63178393,47169
2019-01-11 14:15:00,40.672541186,40.691366708400004,40.62547738,40.6537156636,45470
2019-01-11 14:00:00,40.6631284248,40.7290177533,40.62547738,40.672635313600004,40292
2019-01-11 13:45:00,40.6584220442,40.672541186,40.62547738,40.6631284248,34765
2019-01-11 13:30:00,40.6443029024,40.6631284248,40.6113582381,40.6537156636,34825
2019-01-11 13:15:00,40.691366708400004,40.7102863585,40.6160646187,40.6443029024,63394
2019-01-11 13:00:00,40.776081559299996,40.7854943205,40.672541186,40.691366708400004,77655
2019-01-11 12:45:00,40.691366708400004,40.8325581266,40.691366708400004,40.776081559299996,58866
2019-01-11 12:30:00,40.6160646187,40.7007794696,40.5699420888,40.691366708400004,87823
2019-01-11 12:15:00,40.5595880515,40.7007794696,40.5407625291,40.6160646187,82851
2019-01-11 12:00:00,40.3995711109,40.5972390963,40.3995711109,40.5595880515,106308
2019-01-11 11:45:00,40.4183966333,40.4372221558,40.3619200661,40.390158349699995,58765
2019-01-11 11:30:00,40.4089838721,40.4654604394,40.3807455885,40.4136902527,61496
2019-01-11 11:15:00,40.493698723,40.5031114842,40.4183966333,40.4183966333,55170
2019-01-11 11:00:00,40.4748732006,40.5125242454,40.3807455885,40.5031114842,60023
2019-01-11 10:45:00,40.3807455885,40.537373935,40.3585314721,40.4748732006,153473
2019-01-11 10:30:00,40.5219370066,40.550175290300004,40.3807455885,40.3807455885,59993
2019-01-11 10:15:00,40.4654604394,40.634890141199996,40.446634917,40.5219370066,68317
2019-01-11 10:00:00,40.5925327157,40.6443029024,40.4325157752,40.4748732006,66157
2019-01-11 09:45:00,40.8325581266,40.9266857387,40.5595880515,40.5972390963,97219
2019-01-10 18:15:00,40.8231453654,40.851383649,40.8231453654,40.851383649,7472
2019-01-10 16:15:00,40.8231453654,40.8231453654,40.8231453654,40.8231453654,154908
2019-01-10 16:00:00,40.7478432757,40.8419708878,40.6584220442,40.8137326041,363114
2019-01-10 15:45:00,40.6631284248,40.7525496563,40.634890141199996,40.7478432757,111343
2019-01-10 15:30:00,40.6443029024,40.6772475666,40.5690008127,40.672541186,100036
2019-01-10 15:15:00,40.6584220442,40.6819539472,40.6066518575,40.634890141199996,84931
2019-01-10 15:00:00,40.7290177533,40.7290177533,40.6066518575,40.6584220442,47106
2019-01-10 14:45:00,40.691366708400004,40.7572560369,40.672541186,40.719604992,50200
2019-01-10 14:30:00,40.7101922308,40.7666687981,40.6678348054,40.691366708400004,53808
2019-01-10 14:15:00,40.5972390963,40.7478432757,40.5972390963,40.696073089,65175
2019-01-10 14:00:00,40.493698723,40.6019454769,40.4842859618,40.5972390963,45789
2019-01-10 13:45:00,40.5266433873,40.5313497679,40.4183966333,40.488992342399996,64147
2019-01-10 13:30:00,40.4278093946,40.5313497679,40.390158349699995,40.5219370066,107041
2019-01-10 13:15:00,40.62547738,40.62547738,40.4372221558,40.4372221558,55011
2019-01-10 13:00:00,40.5972390963,40.7007794696,40.5925327157,40.62547738,80586
2019-01-10 12:45:00,40.6066518575,40.634890141199996,40.587826335100004,40.587826335100004,40857
2019-01-10 12:30:00,40.587826335100004,40.6160646187,40.550175290300004,40.6066518575,32101
2019-01-10 12:15:00,40.583496465,40.634890141199996,40.5125242454,40.5784135739,47272
2019-01-10 12:00:00,40.587826335100004,40.6066518575,40.5407625291,40.5853790172,50675
2019-01-10 11:45:00,40.5784135739,40.6819539472,40.5784135739,40.5925327157,51155
2019-01-10 11:30:00,40.5972390963,40.6443029024,40.5407625291,40.5831199545,39698
2019-01-10 11:15:00,40.5690008127,40.6066518575,40.5407625291,40.5972390963,69818
2019-01-10 11:00:00,40.493698723,40.5784135739,40.4842859618,40.5595880515,41964
2019-01-10 10:45:00,40.5125242454,40.550175290300004,40.446634917,40.488992342399996,43626
2019-01-10 10:30:00,40.3807455885,40.5031114842,40.324269021300005,40.5031114842,44042
2019-01-10 10:15:00,40.3713328273,40.493698723,40.352507304899994,40.3807455885,39800
2019-01-10 10:00:00,40.4372221558,40.4560476782,40.267792454,40.3798043124,29824
2019-01-10 09:45:00,40.5407625291,40.5784135739,40.3807455885,40.4560476782,65370
2019-01-09 17:00:00,40.5407625291,40.5407625291,40.5407625291,40.5407625291,10130
2019-01-09 16:45:00,40.5407625291,40.5407625291,40.5407625291,40.5407625291,1506
2019-01-09 16:15:00,40.5407625291,40.5407625291,40.5407625291,40.5407625291,212609
2019-01-09 16:00:00,40.5313497679,40.550175290300004,40.3807455885,40.5407625291,348603
2019-01-09 15:45:00,40.6819539472,40.691366708400004,40.493698723,40.5266433873,203551
2019-01-09 15:30:00,40.5925327157,40.691366708400004,40.5784135739,40.686660327800006,117231
2019-01-09 15:15:00,40.6443029024,40.6631284248,40.5690008127,40.5972390963,137925
2019-01-09 15:00:00,40.691366708400004,40.7478432757,40.6443029024,40.649009283000005,84813
2019-01-09 14:45:00,40.6584220442,40.691366708400004,40.6066518575,40.691366708400004,77009
2019-01-09 14:30:00,40.818438984699995,40.827851746,40.634890141199996,40.6584220442,92232
2019-01-09 14:15:00,40.8419708878,40.898447455,40.7996134623,40.8231453654,93330
2019-01-09 14:00:00,40.7949070817,40.851383649,40.776081559299996,40.8325581266,54382
2019-01-09 13:45:00,40.8702091714,40.8890346938,40.7572560369,40.7963189959,80785
2019-01-09 13:30:00,40.7854943205,40.874915552,40.7572560369,40.8702091714,91197
2019-01-09 13:15:00,40.7854943205,40.7902007011,40.7101922308,40.7666687981,57585
2019-01-09 13:00:00,40.7054858502,40.8029079288,40.7054858502,40.776081559299996,65212
2019-01-09 12:45:00,40.5784135739,40.7054858502,40.550175290300004,40.7054858502,65954
2019-01-09 12:30:00,40.587826335100004,40.6160646187,40.5548816709,40.5737071933,53916
2019-01-09 12:15:00,40.6160646187,40.62547738,40.550175290300004,40.5784135739,58309
2019-01-09 12:00:00,40.550175290300004,40.6443029024,40.5313497679,40.6160646187,72035
2019-01-09 11:45:00,40.5595880515,40.6160646187,40.5125242454,40.5407625291,51289
2019-01-09 11:30:00,40.5595880515,40.5831199545,40.4560476782,40.553375629099996,57490
2019-01-09 11:15:00,40.5642944321,40.6255715076,40.4842859618,40.5595880515,72704
2019-01-09 11:00:00,40.5595880515,40.6631284248,40.5313497679,40.5595880515,162217
2019-01-09 10:45:00,40.5972390963,40.6160646187,40.517230626,40.5595880515,219191
2019-01-09 10:30:00,40.62547738,40.7101922308,40.5737071933,40.5972390963,140362
2019-01-09 10:15:00,40.446634917,40.7290177533,40.4419285364,40.6301837606,326964
2019-01-09 10:00:00,40.4089838721,40.446634917,40.324269021300005,40.4372221558,63311
2019-01-09 09:45:00,40.1924903643,40.472896520700004,40.1924903643,40.4372221558,113466
2019-01-09 09:30:00,40.2395541704,40.2395541704,40.2395541704,40.2395541704,100
2019-01-09 09:15:00,40.2395541704,40.2395541704,40.2395541704,40.2395541704,120
2019-01-09 08:45:00,40.1924903643,40.1924903643,40.1924903643,40.1924903643,200
2019-01-09 08:30:00,40.1924903643,40.2019031255,40.1924903643,40.2019031255,909
2019-01-08 16:15:00,40.1924903643,40.1924903643,40.1924903643,40.1924903643,1325692
2019-01-08 16:00:00,40.1030691328,40.2301414092,40.041886185,40.1924903643,617095
2019-01-08 15:45:00,40.088949991,40.1360137971,40.0465925656,40.1030691328,108264
2019-01-08 15:30:00,40.0277670432,40.0795372298,39.9854096177,40.0795372298,86020
2019-01-08 15:15:00,40.0701244686,40.0842436104,39.9665840953,40.0277670432,92411
2019-01-08 15:00:00,40.1077755134,40.143544006,40.041886185,40.0701244686,58447
2019-01-08 14:45:00,40.0701244686,40.1548393195,40.065418088,40.1077755134,94246
2019-01-08 14:30:00,40.0324734238,40.0795372298,39.9807032371,40.065418088,46765
2019-01-08 14:15:00,40.0701244686,40.098362752199996,39.9948223789,40.0324734238,43624
2019-01-08 14:00:00,40.0042351401,40.1507918322,39.957171334099996,40.0701244686,62876
2019-01-08 13:45:00,40.0512989462,40.1077755134,40.0042351401,40.013647901300004,39033
2019-01-08 13:30:00,39.999528759499995,40.0701244686,39.9665840953,40.060711707399996,53710
2019-01-08 13:15:00,40.112481894,40.117188274600004,39.9195202892,40.0042351401,76219
2019-01-08 13:00:00,40.013647901300004,40.1407201777,39.863043722,40.1115406179,229443
2019-01-08 12:45:00,39.975996856500004,40.1052340679,39.8536309608,40.013647901300004,296287
2019-01-08 12:30:00,39.9948223789,40.0324734238,39.9570772065,39.9665840953,62021
2019-01-08 12:15:00,40.0089415207,40.0277670432,39.9477585729,39.9948223789,47320
2019-01-08 12:00:00,39.9948223789,40.0324734238,39.957171334099996,40.0089415207,73413
2019-01-08 11:45:00,39.9383458117,40.0042351401,39.8653969123,39.9901159983,100046
2019-01-08 11:30:00,39.8536309608,39.961877714699995,39.8442181996,39.9477585729,77194
2019-01-08 11:15:00,39.834805438400004,39.8771628638,39.8159799159,39.863043722,72667
2019-01-08 11:00:00,39.684201259,39.830099057800005,39.684201259,39.8253926772,127075
2019-01-08 10:45:00,39.6653757366,39.731265065100004,39.5772722917,39.688907639600004,58715
2019-01-08 10:30:00,39.6470208522,39.684201259,39.5618353633,39.6559629754,65741
2019-01-08 10:15:00,39.7218523038,39.8536309608,39.6277246918,39.637137453,39134
2019-01-08 10:00:00,39.8818692444,39.8912820056,39.6747884978,39.7359714457,60290
2019-01-08 09:45:00,39.7500905875,39.9477585729,39.7406778263,39.8912820056,132892
2019-01-07 16:15:00,39.45829499,39.505358795999996,39.45829499,39.505358795999996,816809
2019-01-07 16:00:00,39.6465502142,39.7030267814,39.439469467600006,39.467707751199995,527862
2019-01-07 15:45:00,39.7406778263,39.7453842069,39.608899169299995,39.637137453,125561
2019-01-07 15:30:00,39.7406778263,39.7689161099,39.707733162,39.7406778263,55725
2019-01-07 15:15:00,39.7124395426,39.7783288711,39.684201259,39.731265065100004,57832
2019-01-07 15:00:00,39.8065671547,39.8065671547,39.7030267814,39.7124395426,63024
2019-01-07 14:45:00,39.8253926772,39.8536309608,39.7736224905,39.8112735353,63818
2019-01-07 14:30:00,39.8018607741,39.8442181996,39.7689161099,39.8253926772,57025
2019-01-07 14:15:00,39.8065671547,39.8818692444,39.7783288711,39.8065671547,40331
2019-01-07 14:00:00,39.9006947668,39.9054011474,39.7783288711,39.8159799159,34425
2019-01-07 13:45:00,39.8818692444,39.9477585729,39.863043722,39.9006947668,42680
2019-01-07 13:30:00,39.9242266699,39.9383458117,39.863043722,39.8818692444,35896
2019-01-07 13:15:00,39.9006947668,39.9397577258,39.863043722,39.9195202892,32439
2019-01-07 13:00:00,39.9052128922,39.9420167885,39.8490187078,39.9006947668,42706
2019-01-07 12:45:00,39.8442181996,39.9289330505,39.8253926772,39.910107528000005,47813
2019-01-07 12:30:00,39.8065671547,39.9006947668,39.7595033487,39.8489245802,38656
2019-01-07 12:15:00,39.8545722369,39.8545722369,39.7595033487,39.8065671547,50584
2019-01-07 12:00:00,39.7595033487,39.872456483200004,39.7124395426,39.8536309608,50159
2019-01-07 11:45:00,39.6136055499,39.7783288711,39.6136055499,39.7595033487,79182
2019-01-07 11:30:00,39.571248124499995,39.670082117199996,39.5618353633,39.6136055499,63467
2019-01-07 11:15:00,39.5006524154,39.608899169299995,39.4771205124,39.5805667581,93516
2019-01-07 11:00:00,39.3547546167,39.533597079699994,39.3265163331,39.505358795999996,257465
2019-01-07 10:45:00,39.232388721,39.401818422699996,39.232388721,39.3547546167,116797
2019-01-07 10:30:00,39.298278049400004,39.3594609973,39.232388721,39.232388721,42878
2019-01-07 10:15:00,39.1853249149,39.3641673779,39.1476738701,39.2888652882,63216
2019-01-07 10:00:00,39.2888652882,39.2888652882,39.1194355864,39.194737676100004,50102
2019-01-07 09:45:00,39.100610064,39.3076908106,39.0347207356,39.2888652882,106284
2019-01-04 16:15:00,39.2606270046,39.2606270046,39.2606270046,39.2606270046,325326
2019-01-04 16:00:00,39.1759121537,39.2888652882,39.1759121537,39.2606270046,320319
2019-01-04 15:45:00,39.1100228252,39.2229759597,39.100610064,39.1759121537,101365
2019-01-04 15:30:00,39.1853249149,39.232388721,39.0723717804,39.1100228252,70566
2019-01-04 15:15:00,39.0347207356,39.2135631985,39.030014355,39.1900312955,152567
2019-01-04 15:00:00,39.100610064,39.100610064,38.992363310100004,39.030014355,57611
2019-01-04 14:45:00,38.9970696907,39.1100228252,38.9782441683,39.100610064,62149
2019-01-04 14:30:00,38.9641250265,39.0441334968,38.9547122653,39.0064824519,55565
2019-01-04 14:15:00,39.0441334968,39.0629590192,38.9500058847,38.9688314071,49410
2019-01-04 14:00:00,39.0017760713,39.100610064,38.9782441683,39.0394271162,38520
2019-01-04 13:45:00,39.1194355864,39.1853249149,38.9782441683,39.0064824519,57179
2019-01-04 13:30:00,39.1194355864,39.194737676100004,39.1100228252,39.1100228252,45739
2019-01-04 13:15:00,39.1853249149,39.2427427583,39.1100228252,39.114729205799996,65790
2019-01-04 13:00:00,39.2041504373,39.232388721,39.157086631300004,39.180618534299995,45337
2019-01-04 12:45:00,39.194737676100004,39.232388721,39.1194355864,39.2135631985,43328
2019-01-04 12:30:00,39.194737676100004,39.298278049400004,39.1664993925,39.194737676100004,57397
2019-01-04 12:15:00,39.2041504373,39.2135631985,39.053546258000004,39.1994440567,51412
2019-01-04 12:00:00,39.0441334968,39.2229759597,39.0441334968,39.194737676100004,61626
2019-01-04 11:45:00,39.0441334968,39.091197302800005,38.9123548398,39.0441334968,164563
2019-01-04 11:30:00,39.180618534299995,39.180618534299995,39.0158952131,39.053546258000004,59976
2019-01-04 11:15:00,39.1476738701,39.3547546167,39.1288483477,39.1853249149,64211
2019-01-04 11:00:00,39.0253079743,39.1476738701,39.0158952131,39.1476738701,46955
2019-01-04 10:45:00,39.2700397658,39.3453418555,39.0158952131,39.0253079743,80027
2019-01-04 10:30:00,38.9782441683,39.2606270046,38.8464655114,39.2606270046,89426
2019-01-04 10:15:00,38.9876569295,39.1194355864,38.9876569295,38.9970696907,79901
2019-01-04 10:00:00,38.8652910338,38.9917044168,38.7994017053,38.9876569295,50022
2019-01-04 09:45:00,38.752337899299995,38.9782441683,38.6770358096,38.8652910338,63676
2019-01-04 09:00:00,38.375827450900005,38.375827450900005,38.375827450900005,38.375827450900005,914
2019-01-03 16:30:00,38.375827450900005,38.375827450900005,38.375827450900005,38.375827450900005,200
2019-01-03 16:15:00,38.375827450900005,38.413478495700005,38.375827450900005,38.375827450900005,344050
2019-01-03 16:00:00,38.4746614436,38.5358443915,38.3287636448,38.3852402121,384191
2019-01-03 15:45:00,38.469955063,38.5640826751,38.4228912569,38.469955063,150454
2019-01-03 15:30:00,38.4275976375,38.5076061078,38.413478495700005,38.469955063,74213
2019-01-03 15:15:00,38.4605423018,38.4886864578,38.4040657345,38.4275976375,69472
2019-01-03 15:00:00,38.5264316302,38.5358443915,38.375827450900005,38.4511295406,57757
2019-01-03 14:45:00,38.6017337199,38.6770358096,38.5264316302,38.5358443915,54549
2019-01-03 14:30:00,38.4181848763,38.6064401005,38.375827450900005,38.6017337199,71787
2019-01-03 14:15:00,38.4981933466,38.517018869,38.3946529733,38.4228912569,98599
2019-01-03 14:00:00,38.648797525999996,38.6535039066,38.469955063,38.4981933466,70498
2019-01-03 13:45:00,38.5546699139,38.686448570799996,38.5358443915,38.6770358096,39393
2019-01-03 13:30:00,38.6299720036,38.6299720036,38.3946529733,38.5546699139,79867
2019-01-03 13:15:00,38.7240996156,38.7429251381,38.5546699139,38.6299720036,73416
2019-01-03 13:00:00,38.6582102872,38.7805761829,38.648797525999996,38.7335123769,44687
2019-01-03 12:45:00,38.686448570799996,38.7852825635,38.6111464811,38.648797525999996,42959
2019-01-03 12:30:00,38.7052740932,38.740289564899996,38.6205592423,38.695861332,41632
2019-01-03 12:15:00,38.7711634217,38.7805761829,38.6111464811,38.695861332,68312
2019-01-03 12:00:00,38.827639989,38.8323463696,38.7278647201,38.7711634217,52947
2019-01-03 11:45:00,38.4605423018,38.9123548398,38.4511295406,38.8370527502,78589
2019-01-03 11:30:00,38.4228912569,38.517018869,38.3946529733,38.4605423018,69803
2019-01-03 11:15:00,38.3193508836,38.4323040182,38.2628743164,38.413478495700005,48960
2019-01-03 11:00:00,38.0557935698,38.3287636448,38.0557935698,38.3099381224,71795
2019-01-03 10:45:00,38.314644503000004,38.314644503000004,38.027555286100004,38.065206331,95525
2019-01-03 10:30:00,38.112270136999996,38.338176406100004,38.065206331,38.3193508836,69610
2019-01-03 10:15:00,38.244048794,38.2534615552,38.112270136999996,38.112270136999996,93017
2019-01-03 10:00:00,38.2628743164,38.3287636448,38.2063977491,38.244048794,100757
2019-01-03 09:45:00,38.3946529733,38.4228912569,38.1310956595,38.2628743164,156331
2019-01-02 16:45:00,38.5452571527,38.5452571527,38.5452571527,38.5452571527,307
2019-01-02 16:15:00,38.5452571527,38.5452571527,38.5452571527,38.5452571527,75207
2019-01-02 16:00:00,38.3287636448,38.5829081975,38.3240572642,38.5405507721,225499
2019-01-02 15:45:00,38.5593762945,38.5593762945,38.3475891673,38.3475891673,119797
2019-01-02 15:30:00,38.4840742048,38.6205592423,38.3852402121,38.5687890557,188114
2019-01-02 15:15:00,38.5546699139,38.5829081975,38.4228912569,38.4840742048,100049
2019-01-02 15:00:00,38.6205592423,38.6393847648,38.5546699139,38.5640826751,50175
2019-01-02 14:45:00,38.6205592423,38.7240996156,38.6064401005,38.6299720036,59640
2019-01-02 14:30:00,38.5452571527,38.6582102872,38.5264316302,38.6111464811,45671
2019-01-02 14:15:00,38.7052740932,38.7052740932,38.5264316302,38.5499635333,55133
2019-01-02 14:00:00,38.6017337199,38.7052740932,38.5986275087,38.7052740932,36688
2019-01-02 13:45:00,38.6817421902,38.686448570799996,38.5923209587,38.6017337199,33979
2019-01-02 13:30:00,38.700567712600005,38.719393235,38.6582102872,38.686448570799996,54941
2019-01-02 13:15:00,38.6299720036,38.7335123769,38.6111464811,38.700567712600005,37588
2019-01-02 13:00:00,38.6393847648,38.686448570799996,38.5734954363,38.627430558,49801
2019-01-02 12:45:00,38.4511295406,38.6582102872,38.441716779400004,38.6252656229,64578
2019-01-02 12:30:00,38.5452571527,38.5546699139,38.4605423018,38.4605423018,55606
2019-01-02 12:15:00,38.5829081975,38.5923209587,38.5076061078,38.5452571527,51139
2019-01-02 12:00:00,38.6299720036,38.648797525999996,38.5452571527,38.5876145781,47775
2019-01-02 11:45:00,38.5876145781,38.6582102872,38.4605423018,38.6299720036,103906
2019-01-02 11:30:00,38.6393847648,38.7335123769,38.5546699139,38.5734954363,65336
2019-01-02 11:15:00,38.517018869,38.6582102872,38.4887805854,38.6299720036,48722
2019-01-02 11:00:00,38.469955063,38.5782018169,38.375827450900005,38.517018869,41246
2019-01-02 10:45:00,38.3852402121,38.479367824200004,38.262968444,38.469955063,42563
2019-01-02 10:30:00,38.4981933466,38.5076061078,38.3852402121,38.3852402121,29868
2019-01-02 10:15:00,38.4323040182,38.5829081975,38.375827450900005,38.4981933466,68036
2019-01-02 10:00:00,38.3946529733,38.441716779400004,38.3287636448,38.4228912569,76427
2019-01-02 09:45:00,38.1875722267,38.375827450900005,38.1499211819,38.373944898699996,111700
2018-12-31 16:15:00,38.5923209587,38.5923209587,38.5358443915,38.5640826751,22425
2018-12-31 16:00:00,38.5076061078,38.5640826751,38.338176406100004,38.5640826751,420844
2018-12-31 15:45:00,38.3570019285,38.5264316302,38.3522955479,38.5076061078,121515
2018-12-31 15:30:00,38.3287636448,38.3852402121,38.2628743164,38.3570019285,96313
2018-12-31 15:15:00,38.3475891673,38.4370103988,38.2769934582,38.3193508836,86288
2018-12-31 15:00:00,38.338176406100004,38.441716779400004,38.3193508836,38.338176406100004,50737
2018-12-31 14:45:00,38.3286695172,38.3711210703,38.272287077600005,38.338176406100004,62920
2018-12-31 14:30:00,38.2816998388,38.3946529733,38.2628743164,38.3334700255,121701
2018-12-31 14:15:00,38.3475891673,38.3805338315,38.272287077600005,38.2816998388,60861
2018-12-31 14:00:00,38.3946529733,38.3946529733,38.3428827867,38.3475891673,54604
2018-12-31 13:45:00,38.4746614436,38.479367824200004,38.3899465927,38.3946529733,76818
2018-12-31 13:30:00,38.375827450900005,38.479367824200004,38.375827450900005,38.4746614436,34647
2018-12-31 13:15:00,38.3334700255,38.4323040182,38.3287636448,38.375827450900005,99006
2018-12-31 13:00:00,38.3099381224,38.3475891673,38.3005253612,38.3334700255,42344
2018-12-31 12:45:00,38.3287636448,38.375827450900005,38.267580697,38.314644503000004,60810
2018-12-31 12:30:00,38.2628743164,38.338176406100004,38.2158105103,38.3126678232,56810
2018-12-31 12:15:00,38.272287077600005,38.272287077600005,38.1969849879,38.258167935799996,82061
2018-12-31 12:00:00,38.1781594655,38.2816998388,38.1252597475,38.272287077600005,46219
2018-12-31 11:45:00,38.314644503000004,38.314644503000004,38.1358020401,38.1781594655,72828
2018-12-31 11:30:00,38.234636032800005,38.3475891673,38.1875722267,38.3193508836,51636
2018-12-31 11:15:00,38.3570019285,38.4040657345,38.234636032800005,38.244048794,47256
2018-12-31 11:00:00,38.441716779400004,38.5264316302,38.3287636448,38.3475891673,56337
2018-12-31 10:45:00,38.479367824200004,38.479367824200004,38.3852402121,38.4323040182,151586
2018-12-31 10:30:00,38.4981933466,38.5405507721,38.4511295406,38.4770146339,52562
2018-12-31 10:15:00,38.479367824200004,38.6299720036,38.4605423018,38.5264316302,64022
2018-12-31 10:00:00,38.4605423018,38.5264316302,38.413478495700005,38.469955063,47074
2018-12-31 09:45:00,38.441716779400004,38.5452571527,38.338176406100004,38.4887805854,77640
2018-12-31 09:30:00,38.5546699139,38.5546699139,38.5546699139,38.5546699139,600
2018-12-28 16:15:00,38.3852402121,38.3852402121,38.351260144099996,38.351260144099996,151600
2018-12-28 16:00:00,38.244048794,38.4323040182,38.244048794,38.3852402121,422771
2018-12-28 15:45:00,38.2816998388,38.3475891673,38.1687467043,38.244048794,217929
2018-12-28 15:30:00,38.5829081975,38.5923209587,38.2063977491,38.2911126,108773
2018-12-28 15:15:00,38.7240996156,38.752337899299995,38.4323040182,38.5923209587,87045
2018-12-28 15:00:00,38.7146868544,38.8088144665,38.6394788924,38.7240996156,73164
2018-12-28 14:45:00,38.5076061078,38.7571384075,38.5076061078,38.7146868544,55036
2018-12-28 14:30:00,38.5640826751,38.6238537088,38.4323040182,38.5007347921,91309
2018-12-28 14:15:00,38.3005253612,38.5734954363,38.2958189806,38.5640826751,55814
2018-12-28 14:00:00,38.2286118656,38.3570019285,38.2286118656,38.3005253612,51058
2018-12-28 13:45:00,38.1828658461,38.2534615552,38.1216828982,38.2300237798,92606
2018-12-28 13:30:00,38.3193508836,38.3946529733,38.1781594655,38.1875722267,83084
2018-12-28 13:15:00,38.2393424134,38.3570019285,38.2252232715,38.3193508836,63971
2018-12-28 13:00:00,38.3946529733,38.413478495700005,38.234636032800005,38.234636032800005,103979
2018-12-28 12:45:00,38.2816998388,38.4228912569,38.272287077600005,38.4040657345,56107
2018-12-28 12:30:00,38.3504129956,38.3664146897,38.234636032800005,38.2816998388,85973
2018-12-28 12:15:00,38.3193508836,38.4511295406,38.3193508836,38.3490952091,54765
2018-12-28 12:00:00,38.314644503000004,38.3852402121,38.2628743164,38.3287636448,51005
2018-12-28 11:45:00,38.2816998388,38.4275976375,38.272287077600005,38.3287636448,77509
2018-12-28 11:30:00,38.2911126,38.3946529733,38.2205168909,38.2816998388,177363
2018-12-28 11:15:00,38.3852402121,38.3946529733,38.272287077600005,38.2911126,82723
2018-12-28 11:00:00,38.4511295406,38.5358443915,38.375827450900005,38.3852402121,75127
2018-12-28 10:45:00,38.5123124884,38.5358443915,38.3005253612,38.441716779400004,57529
2018-12-28 10:30:00,38.7429251381,38.7994017053,38.4981933466,38.4981933466,87693
2018-12-28 10:15:00,38.9688314071,39.053546258000004,38.6770358096,38.7335123769,122965
2018-12-28 10:00:00,38.9311803623,38.9594186459,38.8088144665,38.9500058847,79914
2018-12-28 09:45:00,38.7146868544,38.9311803623,38.6393847648,38.921767601,93261
2018-12-28 07:45:00,38.7052740932,38.7052740932,38.7052740932,38.7052740932,100
2018-12-27 18:45:00,38.5546699139,38.5546699139,38.5546699139,38.5546699139,4605
2018-12-27 18:00:00,38.5546699139,38.5546699139,38.5546699139,38.5546699139,5420
2018-12-27 16:45:00,38.5546699139,38.5546699139,38.5546699139,38.5546699139,4285
2018-12-27 16:15:00,38.5546699139,38.5546699139,38.5546699139,38.5546699139,170984
2018-12-27 16:00:00,38.479367824200004,38.5640826751,38.3052317418,38.5640826751,614258
2018-12-27 15:45:00,38.0934446146,38.5405507721,38.0604999504,38.4887805854,275845
2018-12-27 15:30:00,37.8298873007,38.1093521811,37.7828234947,38.0894912549,140567
2018-12-27 15:15:00,37.7687043529,37.8298873007,37.622806554099995,37.8298873007,186691
2018-12-27 15:00:00,37.7639979723,37.8298873007,37.6510448378,37.7639979723,115973
2018-12-27 14:45:00,37.5475044645,37.7781171141,37.5098534196,37.7734107335,84577
2018-12-27 14:30:00,37.4910278972,37.556917225700005,37.4439640912,37.5475044645,74185
2018-12-27 14:15:00,37.6133937929,37.6792831214,37.4910278972,37.5098534196,109409
2018-12-27 14:00:00,37.8157681589,37.8157681589,37.6039810317,37.6181001735,90075
2018-12-27 13:45:00,37.839300062,37.8769511068,37.8110617783,37.8110617783,50078
2018-12-27 13:30:00,38.008729763699996,38.036968047399995,37.8345936814,37.839300062,40770
2018-12-27 13:15:00,37.9804914801,38.074619092199995,37.9522531965,38.0181425249,49848
2018-12-27 13:00:00,37.933427674099995,37.9993170025,37.8957766292,37.9899042413,55342
2018-12-27 12:45:00,37.886363868000004,37.9522531965,37.8487128232,37.933427674099995,60050
2018-12-27 12:30:00,37.9804914801,38.1028573758,37.839300062,37.8957766292,74397
2018-12-27 12:15:00,38.1310956595,38.1310956595,37.9428404353,37.971078718899996,46134
2018-12-27 12:00:00,38.0463808086,38.1593339431,37.9772911413,38.1405084207,71660
2018-12-27 11:45:00,38.074619092199995,38.1969849879,38.036968047399995,38.0557935698,64156
2018-12-27 11:30:00,37.839300062,38.1216828982,37.8298873007,38.074619092199995,67226
2018-12-27 11:15:00,37.839300062,37.867538345599996,37.7545852111,37.839300062,70072
2018-12-27 11:00:00,38.036968047399995,38.074619092199995,37.8487128232,37.8487128232,51995
2018-12-27 10:45:00,37.8487128232,38.0840318534,37.7639979723,38.0531579966,60192
2018-12-27 10:30:00,37.7475256402,37.9146021516,37.7357596887,37.839300062,161963
2018-12-27 10:15:00,37.7357596887,37.8204745395,37.6322193154,37.7545852111,287856
2018-12-27 10:00:00,37.886363868000004,37.9146021516,37.5851555093,37.7545852111,60249
2018-12-27 09:45:00,37.924014912800004,38.1781594655,37.886363868000004,37.9004830098,188028
2018-12-27 08:15:00,38.074619092199995,38.074619092199995,38.074619092199995,38.074619092199995,500
2018-12-26 19:45:00,38.2628743164,38.2628743164,38.2628743164,38.2628743164,100
2018-12-26 18:00:00,41.1808302913,41.1808302913,41.1808302913,41.1808302913,645
2018-12-26 16:15:00,38.2816998388,38.2816998388,38.272287077600005,38.272287077600005,112994
2018-12-26 16:00:00,38.234636032800005,38.3005253612,38.0840318534,38.2816998388,414199
2018-12-26 15:45:00,37.839300062,38.2252232715,37.8345936814,38.2205168909,197652
2018-12-26 15:30:00,37.726346927399995,37.867538345599996,37.7028150244,37.8487128232,97341
2018-12-26 15:15:00,37.6698703602,37.7734107335,37.6039810317,37.7357596887,109045
2018-12-26 15:00:00,37.556917225700005,37.6792831214,37.5098534196,37.6792831214,96063
2018-12-26 14:45:00,37.4910278972,37.636925696,37.4910278972,37.5663299869,69520
2018-12-26 14:30:00,37.5380917033,37.594568270500005,37.4533768524,37.4869804099,104948
2018-12-26 14:15:00,37.6133937929,37.6133937929,37.5192661808,37.528678942,83409
2018-12-26 14:00:00,37.3969002851,37.6086874123,37.3921939045,37.6039810317,91096
2018-12-26 13:45:00,37.302772673,37.4722023748,37.2848884267,37.3969002851,90830
2018-12-26 13:30:00,37.2839471506,37.3592492403,37.2180578221,37.298066292399994,81911
2018-12-26 13:15:00,37.3686620015,37.4016066657,37.255708866999996,37.2839471506,97541
2018-12-26 13:00:00,37.4533768524,37.5004406584,37.3310109566,37.3686620015,115484
2018-12-26 12:45:00,37.4910278972,37.5004406584,37.4063130463,37.4533768524,133076
2018-12-26 12:30:00,37.6416320766,37.660457599000004,37.4722023748,37.481615136,102101
2018-12-26 12:15:00,37.458083233,37.660457599000004,37.4251385687,37.6510448378,90298
2018-12-26 12:00:00,37.298066292399994,37.4533768524,37.2745343894,37.4533768524,75948
2018-12-26 11:45:00,37.2368833446,37.3121854342,37.1333429713,37.3121854342,100681
2018-12-26 11:30:00,37.1098110682,37.255708866999996,37.1098110682,37.227564711,87386
2018-12-26 11:15:00,36.9733260307,37.152168493699996,36.9450877471,37.105104687600004,60058
2018-12-26 11:00:00,37.0203898367,37.152168493699996,36.8603728962,36.9639132695,75505
2018-12-26 10:45:00,37.0580408816,37.152168493699996,36.9921515531,37.0109770755,48640
2018-12-26 10:30:00,36.907719085100005,37.1427557325,36.8886111798,37.0580408816,53787
2018-12-26 10:15:00,37.1615812549,37.2227642027,36.9168494634,36.9262622246,104727
2018-12-26 10:00:00,37.4157258075,37.4251385687,37.1309897809,37.1804067773,77123
2018-12-26 09:45:00,37.4439640912,37.6981086438,37.3404237179,37.4251385687,228738
2018-12-26 09:30:00,38.1593339431,38.6393847648,37.5475044645,37.5475044645,1400
2018-12-24 13:15:00,37.293359911799996,37.293359911799996,37.293359911799996,37.293359911799996,214412
2018-12-24 13:00:00,37.4251385687,37.4884864517,37.302772673,37.3310109566,272451
2018-12-24 12:45:00,37.6981086438,37.7734107335,37.3969002851,37.43455133,163212
2018-12-24 12:30:00,37.6416320766,37.7357596887,37.5192661808,37.6886958826,127436
2018-12-24 12:15:00,37.5757427481,37.726346927399995,37.5663299869,37.6510448378,85146
2018-12-24 12:00:00,37.6981086438,37.707521405,37.5192661808,37.5663299869,81570
2018-12-24 11:45:00,37.5851555093,37.7969426365,37.5851555093,37.7169341662,107891
2018-12-24 11:30:00,37.7922362559,37.8110617783,37.5851555093,37.6039810317,122517
2018-12-24 11:15:00,37.7781171141,37.839300062,37.6510448378,37.7922362559,175864
2018-12-24 11:00:00,37.8204745395,37.8581255844,37.6745767408,37.7734107335,153362
2018-12-24 10:45:00,37.5004406584,37.924014912800004,37.5004406584,37.8204745395,122470
2018-12-24 10:30:00,37.3969002851,37.528678942,37.2462961058,37.481615136,129288
2018-12-24 10:15:00,37.3639556209,37.4533768524,37.105104687600004,37.398500454499995,227992
2018-12-24 10:00:00,37.528678942,37.542798083899996,37.269545625999996,37.3592492403,171721
2018-12-24 09:45:00,38.3099381224,38.3099381224,37.5192661808,37.5475044645,319880
2018-12-21 16:15:00,38.4040657345,38.4040657345,38.4040657345,38.4040657345,238642
2018-12-21 16:00:00,38.1687467043,38.4511295406,38.1452148013,38.375827450900005,941934
2018-12-21 15:45:00,38.2158105103,38.3193508836,38.1499211819,38.1734530849,322450
2018-12-21 15:30:00,38.3664146897,38.413478495700005,38.2063977491,38.2063977491,182629
2018-12-21 15:15:00,38.4228912569,38.5076061078,38.3570019285,38.3664146897,128425
2018-12-21 15:00:00,38.3099381224,38.479367824200004,38.2911126,38.4228912569,115540
2018-12-21 14:45:00,38.3988887159,38.441716779400004,38.3005253612,38.3052317418,76317
2018-12-21 14:30:00,38.3852402121,38.5264316302,38.3475891673,38.3946529733,114189
2018-12-21 14:15:00,38.4605423018,38.517018869,38.338176406100004,38.375827450900005,155364
2018-12-21 14:00:00,38.648797525999996,38.6676230484,38.413478495700005,38.469955063,91397
2018-12-21 13:45:00,38.5264316302,38.6582102872,38.5076061078,38.6582102872,61365
2018-12-21 13:30:00,38.4887805854,38.5923209587,38.4511295406,38.5264316302,64331
2018-12-21 13:15:00,38.469955063,38.5546699139,38.413478495700005,38.479367824200004,54585
2018-12-21 13:00:00,38.5358443915,38.6770358096,38.3946529733,38.469955063,64499
2018-12-21 12:45:00,38.4511295406,38.5923209587,38.3664146897,38.5358443915,102885
2018-12-21 12:30:00,38.6205592423,38.648797525999996,38.4567771973,38.469955063,64572
2018-12-21 12:15:00,38.7429251381,38.8182272277,38.6017337199,38.6205592423,110174
2018-12-21 12:00:00,38.827639989,38.874703795,38.695861332,38.7240996156,84345
2018-12-21 11:45:00,38.874703795,38.9170612204,38.7617506605,38.827639989,73847
2018-12-21 11:30:00,38.6299720036,38.8558782726,38.6252656229,38.8558782726,81608
2018-12-21 11:15:00,38.9029420786,38.9029420786,38.5640826751,38.6299720036,133828
2018-12-21 11:00:00,38.921767601,38.9782441683,38.827639989,38.893529317399995,77644
2018-12-21 10:45:00,39.0347207356,39.0817845416,38.9405931235,38.9405931235,86348
2018-12-21 10:30:00,39.124141967,39.3171035718,38.9876569295,39.0441334968,124365
2018-12-21 10:15:00,38.9782441683,39.194737676100004,38.8652910338,39.135907918600005,184618
2018-12-21 10:00:00,39.157086631300004,39.2041504373,38.9123548398,38.9688314071,100562
2018-12-21 09:45:00,38.9594186459,39.2700397658,38.7994017053,39.1664993925,899155
2018-12-21 09:30:00,38.827639989,38.827639989,38.8182272277,38.8182272277,200
2018-12-20 16:45:00,38.8088144665,38.8088144665,38.8088144665,38.8088144665,4700
2018-12-20 16:30:00,38.8088144665,38.8088144665,38.8088144665,38.8088144665,500
2018-12-20 16:15:00,38.8088144665,38.8088144665,38.8088144665,38.8088144665,59324
2018-12-20 16:00:00,38.695861332,38.8088144665,38.6111464811,38.789988944099996,712141
2018-12-20 15:45:00,38.827639989,38.9876569295,38.686448570799996,38.686448570799996,389309
2018-12-20 15:30:00,38.8088144665,38.9594186459,38.7335123769,38.827639989,177838
2018-12-20 15:15:00,38.7146868544,38.827639989,38.5452571527,38.8088144665,175944
2018-12-20 15:00:00,38.893529317399995,39.0158952131,38.648797525999996,38.7240996156,148286
2018-12-20 14:45:00,38.6017337199,38.9405931235,38.5829081975,38.8841165562,173962
2018-12-20 14:30:00,38.375827450900005,38.6299720036,38.3193508836,38.6111464811,146712
2018-12-20 14:15:00,38.6299720036,38.6393847648,38.272287077600005,38.375827450900005,128401
2018-12-20 14:00:00,38.686448570799996,38.7335123769,38.6111464811,38.6299720036,78966
2018-12-20 13:45:00,38.8464655114,38.8652910338,38.6111464811,38.7240996156,230515
2018-12-20 13:30:00,38.8464655114,38.9170612204,38.789988944099996,38.8370527502,200160
2018-12-20 13:15:00,38.8558782726,38.893529317399995,38.7648568717,38.8558782726,99599
2018-12-20 13:00:00,38.789988944099996,38.9029420786,38.7805761829,38.851171891999996,72363
2018-12-20 12:45:00,38.9594186459,38.9594186459,38.7805761829,38.7994017053,107805
2018-12-20 12:30:00,38.752337899299995,38.9688314071,38.7335123769,38.9688314071,85249
2018-12-20 12:15:00,38.8464655114,38.9311803623,38.7335123769,38.7617506605,138976
2018-12-20 12:00:00,38.874703795,38.9405931235,38.7335123769,38.8370527502,198978
2018-12-20 11:45:00,39.1288483477,39.1476738701,38.7146868544,38.8652910338,328817
2018-12-20 11:30:00,39.2606270046,39.3101381285,39.0817845416,39.1382611089,117235
2018-12-20 11:15:00,39.4065248033,39.4959460348,39.241801482199996,39.2700397658,107632
2018-12-20 11:00:00,39.3641673779,39.4488822288,39.3076908106,39.4112311839,150701
2018-12-20 10:45:00,39.2512142434,39.420643945100004,39.1853249149,39.3547546167,150454
2018-12-20 10:30:00,39.4488822288,39.4724141318,39.1759121537,39.2606270046,134604
2018-12-20 10:15:00,39.3171035718,39.533597079699994,39.3076908106,39.45829499,108074
2018-12-20 10:00:00,39.3547546167,39.3924056615,39.194737676100004,39.3171035718,125295
2018-12-20 09:45:00,39.7689161099,39.7689161099,39.2512142434,39.3547546167,188820
2018-12-19 16:45:00,39.910107528000005,39.910107528000005,39.910107528000005,39.910107528000005,1365
2018-12-19 16:15:00,39.910107528000005,39.910107528000005,39.910107528000005,39.910107528000005,77383
2018-12-19 16:00:00,39.8442181996,39.9807032371,39.8253926772,39.9006947668,377862
2018-12-19 15:45:00,39.8442181996,39.9948223789,39.7595033487,39.8536309608,222525
2018-12-19 15:30:00,40.0230606625,40.0560053268,39.7689161099,39.834805438400004,153847
2018-12-19 15:15:00,39.9477585729,40.013647901300004,39.6277246918,40.013647901300004,219423
2018-12-19 15:00:00,40.1077755134,40.286617976399995,39.834805438400004,39.957171334099996,144028
2018-12-19 14:45:00,40.5219370066,40.6019454769,40.117188274600004,40.1266010359,94606
2018-12-19 14:30:00,40.3995711109,40.5595880515,40.3713328273,40.5219370066,88169
2018-12-19 14:15:00,40.9737495447,41.0019878283,40.286617976399995,40.4183966333,106140
2018-12-19 14:00:00,40.6819539472,40.9737495447,40.6678348054,40.9549240223,68540
2018-12-19 13:45:00,40.6631284248,40.7101922308,40.6537156636,40.6819539472,46663
2018-12-19 13:30:00,40.7290177533,40.738430514499996,40.6443029024,40.6537156636,52413
2018-12-19 13:15:00,40.7572560369,40.7854943205,40.719604992,40.719604992,42511
2018-12-19 13:00:00,40.7854943205,40.8137326041,40.7572560369,40.7572560369,32055
2018-12-19 12:45:00,40.818438984699995,40.8325581266,40.7666687981,40.7949070817,36099
2018-12-19 12:30:00,40.7478432757,40.8607964102,40.7290177533,40.8137326041,40247
2018-12-19 12:15:00,40.5737071933,40.7478432757,40.5690008127,40.738430514499996,47083
2018-12-19 12:00:00,40.4748732006,40.5784135739,40.4560476782,40.5784135739,57750
2018-12-19 11:45:00,40.5595880515,40.5690008127,40.4654604394,40.4654604394,37092
2018-12-19 11:30:00,40.5219370066,40.5690008127,40.4560476782,40.5690008127,60071
2018-12-19 11:15:00,40.634890141199996,40.6443029024,40.5219370066,40.5313497679,68700
2018-12-19 11:00:00,40.6772475666,40.6772475666,40.587826335100004,40.62547738,59911
2018-12-19 10:45:00,40.7666687981,40.8043198429,40.672541186,40.672541186,43291
2018-12-19 10:30:00,40.7290177533,40.776081559299996,40.5972390963,40.776081559299996,82122
2018-12-19 10:15:00,40.6772475666,40.7713751787,40.6772475666,40.7337241339,64919
2018-12-19 10:00:00,40.5407625291,40.8419708878,40.4984051036,40.6819539472,75356
2018-12-19 09:45:00,40.5595880515,40.6772475666,40.4278093946,40.5407625291,140615
